title,budget,revenue,id,imdbId
Toy Story,30000000.0,373554033.0,862.0,116985.0
Jumanji,65000000.0,262797249.0,8844.0,78763.0
Heat,60000000.0,187436818.0,949.0,48028.0
GoldenEye,58000000.0,352194034.0,710.0,115851.0
Cutthroat Island,98000000.0,10017322.0,1408.0,104691.0
Casino,52000000.0,116112375.0,524.0,108002.0
Sense and Sensibility,16500000.0,135000000.0,4584.0,97236.0
Four Rooms,4000000.0,4300000.0,5.0,113041.0
Get Shorty,30250000.0,115101622.0,8012.0,199683.0
Leaving Las Vegas,3600000.0,49800000.0,451.0,106926.0
The City of Lost Children,18000000.0,1738611.0,902.0,54698.0
Twelve Monkeys,29500000.0,168840000.0,63.0,116126.0
Dead Man Walking,11000000.0,39363635.0,687.0,109491.0
To Die For,20000000.0,21284514.0,577.0,109120.0
Se7en,33000000.0,327311859.0,807.0,114266.0
The Usual Suspects,6000000.0,23341568.0,629.0,114305.0
From Dusk Till Dawn,19000000.0,25836616.0,755.0,42644.0
Things to Do in Denver When You're Dead,8000000.0,529766.0,400.0,113319.0
Nick of Time,8169363.0,8175346.0,2086.0,89731.0
The Bridges of Madison County,24000000.0,182016617.0,688.0,114048.0
Braveheart,72000000.0,210000000.0,197.0,114534.0
Taxi Driver,1300000.0,28262574.0,103.0,118040.0
Flirting with Disaster,7000000.0,14702438.0,2074.0,71910.0
Apollo 13,52000000.0,355237933.0,568.0,106408.0
Batman Forever,100000000.0,336529144.0,414.0,109067.0
Blue in the Face,2000000.0,1275000.0,5894.0,177898.0
Casper,50000000.0,287928194.0,8839.0,113762.0
Crimson Tide,53000000.0,157387195.0,8963.0,273689.0
Desperado,7000000.0,25405445.0,8068.0,55910.0
Devil in a Blue Dress,27000000.0,16140822.0,8512.0,75222.0
Die Hard: With a Vengeance,90000000.0,366101666.0,1572.0,57345.0
First Knight,55000000.0,127600435.0,6520.0,45966.0
Mallrats,6000000.0,2122561.0,2293.0,144604.0
The Net,22000000.0,110627965.0,1642.0,116631.0
Strange Days,42000000.0,7959291.0,281.0,110684.0
Under Siege 2: Dark Territory,60000000.0,104324083.0,3512.0,122459.0
Before Sunrise,2500000.0,5535405.0,76.0,114367.0
Clerks,27000.0,3151130.0,2292.0,117276.0
Don Juan DeMarco,25000000.0,22200000.0,1909.0,120902.0
Disclosure,55000000.0,214015089.0,8984.0,349903.0
Ed Wood,18000000.0,5887457.0,522.0,105275.0
Heavenly Creatures,5000000.0,3049135.0,1024.0,38166.0
Interview with the Vampire,60000000.0,223664608.0,628.0,117381.0
Junior,60000000.0,37000000.0,6280.0,266465.0
Star Wars,11000000.0,775398007.0,11.0,112346.0
Legends of the Fall,30000000.0,160638883.0,4476.0,94739.0
Mary Shelley's Frankenstein,45000000.0,112006296.0,3036.0,82484.0
Nell,31000000.0,106683817.0,1945.0,47296.0
Natural Born Killers,34000000.0,50282766.0,241.0,113089.0
Outbreak,50000000.0,189859560.0,6950.0,338188.0
Leon: The Professional,16000000.0,45284974.0,101.0,115734.0
Pulp Fiction,8000000.0,213928762.0,680.0,58898.0
Prêt-à-Porter,15000000.0,11300653.0,3586.0,80913.0
The Specialist,45000000.0,170362582.0,2636.0,37099.0
Stargate,55000000.0,196567262.0,2164.0,94077.0
The Shawshank Redemption,25000000.0,28341469.0,278.0,113808.0
Star Trek: Generations,38000000.0,120000000.0,193.0,114436.0
What's Eating Gilbert Grape,11000000.0,10032765.0,1587.0,82198.0
While You Were Sleeping,17000000.0,182057016.0,2064.0,98213.0
Muriel's Wedding,3000000.0,15119639.0,236.0,113117.0
Ace Ventura: Pet Detective,15000000.0,107217396.0,3049.0,61789.0
The Flintstones,46000000.0,341631208.0,888.0,113596.0
Forrest Gump,55000000.0,677945399.0,13.0,112453.0
Four Weddings and a Funeral,6000000.0,254700832.0,712.0,109374.0
The Lion King,45000000.0,788241776.0,8587.0,230512.0
Little Buddha,35000000.0,4858139.0,1689.0,120483.0
The Mask,23000000.0,351583407.0,854.0,51980.0
Reality Bites,11500000.0,20079850.0,2788.0,66765.0
Timecop,27000000.0,101646581.0,8831.0,324127.0
Highlander: The Final Dimension,26000000.0,36800000.0,8011.0,343168.0
In the Mouth of Madness,8000000.0,8946600.0,2654.0,34398.0
Beverly Hills Cop III,50000000.0,119208989.0,306.0,111495.0
Body Snatchers,13000000.0,428868.0,4722.0,250202.0
Calendar Girl,13000000.0,2570145.0,117553.0,1608368.0
Carlito's Way,30000000.0,36516012.0,6075.0,83888.0
Color of Night,40000000.0,19726050.0,2124.0,101272.0
The Fugitive,44000000.0,368875760.0,5503.0,265930.0
Hard Target,18000000.0,74189677.0,2019.0,47478.0
In the Name of the Father,13000000.0,65796862.0,7984.0,91083.0
Jurassic Park,63000000.0,920100000.0,329.0,111280.0
Killing Zoe,1500000.0,418961.0,507.0,107808.0
Executive Decision,55000000.0,121969216.0,2320.0,118636.0
Mrs. Doubtfire,25000000.0,441286195.0,788.0,117218.0
The Piano,7000000.0,116700000.0,713.0,110712.0
Poetic Justice,14000000.0,27515786.0,8291.0,61075.0
The Remains of the Day,11500000.0,23237911.0,1245.0,100150.0
RoboCop 3,22000000.0,10696210.0,5550.0,49452.0
Romeo Is Bleeding,11500000.0,3275585.0,2088.0,81353.0
Schindler's List,22000000.0,321365567.0,424.0,109305.0
The Shadow,25000000.0,48063435.0,8850.0,57063.0
Sleepless in Seattle,21000000.0,227799884.0,858.0,68646.0
Sliver,40000000.0,116300000.0,867.0,115836.0
Blade Runner,28000000.0,33139618.0,78.0,112744.0
True Romance,12500000.0,12281551.0,319.0,111149.0
Home Alone,18000000.0,476684675.0,771.0,94265.0
Ghost,22000000.0,505000000.0,251.0,113360.0
Aladdin,28000000.0,504050219.0,812.0,109356.0
Terminator 2: Judgment Day,100000000.0,520000000.0,280.0,113870.0
Dances with Wolves,22000000.0,424208848.0,581.0,112651.0
Batman,35000000.0,411348924.0,268.0,110365.0
The Silence of the Lambs,19000000.0,272742922.0,274.0,113755.0
Snow White and the Seven Dwarfs,1488423.0,184925486.0,408.0,109021.0
Pretty Woman,14000000.0,463000000.0,114.0,113774.0
The Wild Bunch,6244087.0,638641.0,576.0,106878.0
Fargo,7000000.0,60611975.0,275.0,110538.0
Hellraiser: Bloodline,4000000.0,16675000.0,8766.0,38360.0
Primal Fear,30000000.0,102616183.0,1592.0,118570.0
Mission: Impossible,80000000.0,457696359.0,954.0,31679.0
DragonHeart,57000000.0,115267375.0,8840.0,63803.0
Space Jam,80000000.0,250200000.0,2300.0,63462.0
Barbarella,9000000.0,2500000.0,8069.0,77360.0
Twister,92000000.0,494471524.0,664.0,116269.0
Dr. Strangelove or: How I Learned to Stop Worrying and Love the Bomb,1800000.0,9440272.0,935.0,45537.0
Jack,45000000.0,58620973.0,7095.0,76327.0
Trainspotting,4000000.0,16491080.0,627.0,113613.0
Independence Day,75000000.0,816969268.0,602.0,109934.0
A Time to Kill,40000000.0,152266007.0,1645.0,118971.0
The First Wives Club,26000000.0,116400000.0,2925.0,65571.0
Ransom,80000000.0,309492681.0,3595.0,165831.0
Emma,6000000.0,22231658.0,3573.0,112634.0
The Spitfire Grill,6000000.0,12643776.0,47907.0,367082.0
Basquiat,2962051.0,3011195.0,549.0,108328.0
The Godfather,6000000.0,245066411.0,238.0,113028.0
Manny & Lo,500000.0,431326.0,88224.0,194026.0
Singin' in the Rain,2540800.0,7200000.0,872.0,109066.0
An American in Paris,2723903.0,4500000.0,2769.0,138946.0
Breakfast at Tiffany's,2500000.0,9500000.0,164.0,112857.0
Vertigo,2479000.0,28000000.0,426.0,106452.0
Rear Window,1000000.0,36764313.0,567.0,107315.0
It Happened One Night,325000.0,4500000.0,3078.0,165859.0
North by Northwest,4000000.0,13275000.0,213.0,111579.0
The Apartment,3000000.0,25000000.0,284.0,117169.0
Some Like It Hot,2883848.0,25000000.0,239.0,113198.0
Charade,4000000.0,13474588.0,4808.0,108473.0
Casablanca,878000.0,10462500.0,289.0,110737.0
The Maltese Falcon,375000.0,1000000.0,963.0,41509.0
Sabrina,2238813.0,10000000.0,6620.0,305206.0
Roman Holiday,1500000.0,12000000.0,804.0,117628.0
The Wizard of Oz,2777000.0,33754967.0,630.0,115837.0
Gone with the Wind,4000000.0,400176459.0,770.0,38426.0
Sunset Boulevard,1752000.0,5000000.0,599.0,65214.0
Citizen Kane,839727.0,23217674.0,15.0,112760.0
2001: A Space Odyssey,10500000.0,68700000.0,62.0,113862.0
All About Eve,1400000.0,63463.0,705.0,115951.0
Rebecca,1288000.0,6000000.0,223.0,109445.0
Notorious,2000000.0,24464742.0,303.0,114214.0
Spellbound,1500000.0,7000000.0,4174.0,99073.0
To Catch a Thief,2500000.0,8750000.0,381.0,111693.0
Ninotchka,1365000.0,2279000.0,1859.0,120265.0
Laura,1020000.0,2000000.0,1939.0,36868.0
Top Hat,609000.0,3202000.0,3080.0,179196.0
The Thin Man,226408.0,1423000.0,3529.0,82934.0
Around the World in Eighty Days,6000000.0,42000000.0,2897.0,87188.0
It's a Wonderful Life,3180000.0,9644124.0,1585.0,116930.0
Mr. Smith Goes to Washington,1500000.0,9600000.0,3083.0,185125.0
The African Queen,1300000.0,10750000.0,488.0,107468.0
Cat on a Hot Tin Roof,3000000.0,17570324.0,261.0,110367.0
Michael Collins,28000000.0,16900000.0,1770.0,120594.0
The Chamber,50000000.0,22540359.0,6346.0,90585.0
"20,000 Leagues Under the Sea",5000000.0,28200000.0,173.0,113492.0
Cool Runnings,14000000.0,154864401.0,864.0,114936.0
Robin Hood: Prince of Thieves,48000000.0,390493908.0,8367.0,324197.0
Mary Poppins,6000000.0,102272727.0,433.0,109443.0
Die Hard,28000000.0,140767956.0,562.0,114906.0
Romeo + Juliet,14500000.0,147298761.0,454.0,106918.0
Sleepers,44000000.0,165615285.0,819.0,108220.0
Willy Wonka & the Chocolate Factory,3000000.0,4000000.0,252.0,110099.0
A Fish Called Wanda,7500000.0,62493712.0,623.0,113839.0
Life of Brian,4000000.0,20045115.0,583.0,109382.0
Bonnie and Clyde,2500000.0,50700000.0,475.0,107207.0
Dial M for Murder,1400000.0,3000000.0,521.0,107983.0
Dirty Dancing,6000000.0,213954274.0,88.0,115697.0
Reservoir Dogs,1200000.0,14661007.0,500.0,107614.0
Platoon,6000000.0,138530565.0,792.0,93199.0
Weekend at Bernie's,6500000.0,30218387.0,8491.0,42041.0
Basic Instinct,49000000.0,352927224.0,402.0,114047.0
E.T. the Extra-Terrestrial,10500000.0,792965326.0,601.0,111752.0
Days of Thunder,60000000.0,157920733.0,2119.0,91499.0
Top Gun,15000000.0,356830601.0,744.0,112586.0
A Streetcar Named Desire,1800000.0,8000000.0,702.0,62952.0
The People vs. Larry Flynt,36000000.0,20300385.0,1630.0,123953.0
The Abyss,70000000.0,90000098.0,2756.0,94293.0
The Fog,1000000.0,21378361.0,790.0,111546.0
Escape from New York,6000000.0,50244700.0,1103.0,48545.0
Monty Python and the Holy Grail,400000.0,5028948.0,762.0,117765.0
Delicatessen,4000000.0,1794187.0,892.0,117991.0
The English Patient,27000000.0,231976425.0,409.0,109035.0
Paris is Burning,500000.0,3779620.0,31225.0,393162.0
One Flew Over the Cuckoo's Nest,3000000.0,108981275.0,510.0,107840.0
The Empire Strikes Back,18000000.0,538400000.0,1891.0,120401.0
The Princess Bride,16000000.0,30857814.0,2493.0,128133.0
Raiders of the Lost Ark,18000000.0,389925971.0,85.0,112365.0
Aliens,18500000.0,183316455.0,679.0,114307.0
"The Good, the Bad and the Ugly",1200000.0,6000000.0,429.0,109361.0
12 Angry Men,350000.0,1000000.0,389.0,109454.0
Lawrence of Arabia,15000000.0,69995385.0,947.0,28010.0
A Clockwork Orange,2200000.0,26589000.0,185.0,113957.0
To Kill a Mockingbird,2000000.0,13129846.0,595.0,101414.0
Apocalypse Now,31500000.0,89460381.0,28.0,114117.0
Once Upon a Time in the West,5000000.0,5321508.0,335.0,114788.0
Return of the Jedi,32350000.0,572700000.0,1892.0,120787.0
Wings of Desire,2500000.0,3200000.0,144.0,112585.0
GoodFellas,25000000.0,46836394.0,769.0,116992.0
Alien,11000000.0,104931801.0,348.0,109348.0
Psycho,806948.0,32000000.0,539.0,108160.0
The Blues Brothers,27000000.0,115229890.0,525.0,108026.0
The Godfather: Part II,13000000.0,47542841.0,240.0,113303.0
Full Metal Jacket,17000000.0,46357676.0,600.0,110395.0
Amadeus,18000000.0,51973029.0,279.0,113896.0
Raging Bull,18000000.0,23000000.0,1578.0,113425.0
Annie Hall,4000000.0,38251425.0,703.0,115742.0
Das Boot,14000000.0,85000000.0,387.0,110399.0
The Terminator,6400000.0,78371200.0,218.0,112571.0
Braindead,3000000.0,242623.0,763.0,116833.0
Miller's Crossing,14000000.0,5080409.0,379.0,111438.0
Dead Poets Society,16400000.0,235860116.0,207.0,114887.0
Touch of Evil,829000.0,2247465.0,1480.0,120152.0
The Bridge on the River Kwai,3000000.0,27200000.0,826.0,112865.0
Chinatown,6000000.0,30000000.0,829.0,116707.0
The Treasure of the Sierra Madre,3800000.0,4307000.0,3090.0,93509.0
The Shining,19000000.0,44017374.0,694.0,117774.0
Stand by Me,8000000.0,52287414.0,235.0,109707.0
Evil Dead II,3600000.0,5923044.0,765.0,116669.0
The Great Escape,4000000.0,11744471.0,5925.0,83629.0
Groundhog Day,14600000.0,70906973.0,137.0,113756.0
Unforgiven,14000000.0,159157447.0,33.0,114952.0
The Manchurian Candidate,80000000.0,96105910.0,982.0,48491.0
Back to the Future,19000000.0,381109762.0,105.0,112579.0
Fried Green Tomatoes,11000000.0,119418501.0,1633.0,120402.0
Akira,8000000.0,553171.0,149.0,109093.0
Highlander,16000000.0,5900000.0,8009.0,51911.0
Cool Hand Luke,3000000.0,16217773.0,903.0,52357.0
Young Frankenstein,2800000.0,86273333.0,3034.0,70608.0
Night on Earth,3500000.0,2015810.0,339.0,114924.0
The Great Dictator,2000000.0,11000000.0,914.0,58385.0
Fantasia,2280000.0,83320000.0,756.0,109381.0
High Noon,730000.0,8000000.0,288.0,110632.0
Ben-Hur,15000000.0,146900000.0,665.0,114787.0
Indiana Jones and the Last Crusade,48000000.0,474171806.0,89.0,113972.0
Gandhi,22000000.0,77737889.0,783.0,116583.0
The Killing Fields,14400000.0,34700291.0,625.0,90665.0
Forbidden Planet,1900000.0,3250000.0,830.0,116313.0
Butch Cassidy and the Sundance Kid,6000000.0,102308889.0,642.0,117517.0
"Paris, Texas",1746964.0,2181987.0,655.0,117117.0
When Harry Met Sally...,16000000.0,92823546.0,639.0,116414.0
An American Werewolf in London,10000000.0,31973249.0,814.0,112568.0
The Birds,2500000.0,11403529.0,571.0,111709.0
Dracula,40000000.0,215862692.0,6114.0,84488.0
Cape Fear,35000000.0,182300000.0,1598.0,118966.0
Carrie,1800000.0,33800000.0,7340.0,89393.0
A Nightmare on Elm Street,1800000.0,25504513.0,377.0,111257.0
The Omen,2800000.0,60922980.0,794.0,111180.0
Star Trek: First Contact,46000000.0,150000000.0,199.0,58450.0
Die Hard 2,70000000.0,240031094.0,1573.0,119094.0
Star Trek: The Motion Picture,35000000.0,139000000.0,152.0,112288.0
Star Trek VI: The Undiscovered Country,27000000.0,96900000.0,174.0,113500.0
Star Trek V: The Final Frontier,30000000.0,70200000.0,172.0,113481.0
Star Trek II: The Wrath of Khan,12000000.0,96800000.0,154.0,61395.0
Star Trek III: The Search for Spock,18000000.0,87000000.0,157.0,109370.0
Star Trek IV: The Voyage Home,24000000.0,133000000.0,168.0,113071.0
Batman Returns,80000000.0,280000000.0,364.0,110357.0
Grease,6000000.0,181813770.0,621.0,107471.0
Under Siege,35000000.0,156563139.0,8845.0,86961.0
Jaws 2,20000000.0,187884007.0,579.0,108059.0
Mars Attacks!,70000000.0,101371017.0,75.0,115676.0
Raising Arizona,6000000.0,29180280.0,378.0,111256.0
Scream,14000000.0,173046663.0,4232.0,227538.0
Evita,55000000.0,141047179.0,8818.0,57191.0
Turbulence,55000000.0,11466088.0,34314.0,327753.0
Metro,55000000.0,31987563.0,8860.0,337921.0
Prefontaine,8000000.0,589304.0,26306.0,70791.0
Absolute Power,50000000.0,50068310.0,66.0,116839.0
Lost Highway,15000000.0,3675201.0,638.0,113448.0
Liar Liar,45000000.0,302710615.0,1624.0,120323.0
The Devil's Own,90000000.0,140807547.0,4477.0,94744.0
Turbo: A Power Rangers Movie,10000000.0,17979739.0,6499.0,12532.0
Austin Powers: International Man of Mystery,16500000.0,67683989.0,816.0,117999.0
Breakdown,36000000.0,50159144.0,2163.0,80391.0
The Fifth Element,90000000.0,263920180.0,18.0,113101.0
The Lost World: Jurassic Park,73000000.0,229074524.0,330.0,114609.0
Con Air,75000000.0,224012234.0,1701.0,118954.0
Speed 2: Cruise Control,160000000.0,164508066.0,1639.0,118842.0
Batman & Robin,125000000.0,238207122.0,415.0,106292.0
My Best Friend's Wedding,38000000.0,299288605.0,8874.0,365748.0
Contempt,900000.0,528428.0,266.0,110322.0
Face/Off,80000000.0,245676146.0,754.0,113188.0
Men in Black,90000000.0,589390539.0,607.0,106537.0
G.I. Jane,50000000.0,48169156.0,4421.0,118734.0
Cop Land,15000000.0,44862187.0,2142.0,101329.0
Conspiracy Theory,75000000.0,136982834.0,8834.0,380277.0
Steel,16000000.0,1686429.0,8854.0,93624.0
Mimic,30000000.0,25480490.0,4961.0,282856.0
One Eight Seven,20000000.0,5716080.0,6072.0,64323.0
The Hunt for Red October,30000000.0,199200000.0,1669.0,120275.0
L.A. Confidential,35000000.0,126216940.0,2118.0,85407.0
The Game,50000000.0,109423648.0,2649.0,31951.0
Chasing Amy,250000.0,12021272.0,2255.0,84938.0
I Know What You Did Last Summer,17000000.0,125586134.0,3597.0,174336.0
Gattaca,36000000.0,12532777.0,782.0,116277.0
Bean,18000000.0,251212670.0,1281.0,32553.0
Boogie Nights,15000000.0,43101594.0,4995.0,268978.0
Starship Troopers,105000000.0,121214377.0,563.0,107002.0
The Jackal,60000000.0,159330280.0,4824.0,265212.0
Deconstructing Harry,20000000.0,10686841.0,2639.0,82766.0
Good Will Hunting,10000000.0,225933435.0,489.0,107478.0
Midnight in the Garden of Good and Evil,35000000.0,25105255.0,8197.0,52893.0
MouseHunt,38000000.0,122417389.0,6283.0,275277.0
Scream 2,24000000.0,172363301.0,4233.0,246989.0
Titanic,200000000.0,1845034188.0,597.0,100405.0
Tomorrow Never Dies,110000000.0,333011068.0,714.0,112817.0
The Horse Whisperer,60000000.0,186883563.0,547.0,111323.0
Jackie Brown,12000000.0,39673162.0,184.0,110620.0
The Big Lebowski,15000000.0,46189568.0,115.0,112556.0
Wag the Dog,15000000.0,64256513.0,586.0,99785.0
Dark City,27000000.0,27200316.0,2666.0,49370.0
Spice World,25000000.0,100000000.0,6116.0,84504.0
As Good as It Gets,50000000.0,314178011.0,2898.0,106664.0
Wild Things,20000000.0,67200000.0,617.0,113083.0
Two Girls and a Guy,1000000.0,2057193.0,32456.0,110008.0
Lost in Space,80000000.0,136159423.0,2157.0,129923.0
City of Angels,55000000.0,198685114.0,795.0,111237.0
Deep Impact,75000000.0,140464664.0,8656.0,95468.0
Godzilla,130000000.0,379014294.0,929.0,32484.0
Fear and Loathing in Las Vegas,18500000.0,10680275.0,1878.0,120531.0
A Perfect Murder,60000000.0,128038368.0,1965.0,87995.0
Six Days Seven Nights,70000000.0,164000000.0,6068.0,39737.0
The X Files,66000000.0,189198313.0,846.0,113080.0
Doctor Dolittle,71000000.0,294456605.0,3050.0,172726.0
Out of Sight,48000000.0,77745568.0,1389.0,85750.0
Armageddon,140000000.0,553799566.0,95.0,115759.0
Lethal Weapon 4,140000000.0,285444603.0,944.0,29162.0
Pi,60000.0,3221152.0,473.0,110123.0
There's Something About Mary,23000000.0,369884651.0,544.0,108238.0
The Best Years of Our Lives,2100000.0,23650000.0,887.0,120271.0
On the Waterfront,910000.0,9600000.0,654.0,118026.0
West Side Story,6000000.0,43656822.0,1725.0,119052.0
Tom Jones,1000000.0,37600000.0,5769.0,82764.0
A Man for All Seasons,3900000.0,28350000.0,874.0,113542.0
Midnight Cowboy,3600000.0,44785053.0,3116.0,189744.0
The French Connection,1800000.0,41158757.0,1051.0,117958.0
Rocky,1000000.0,117235147.0,1366.0,115988.0
Out of Africa,31000000.0,128499205.0,606.0,112625.0
The Last Emperor,23000000.0,43984230.0,746.0,40366.0
Rain Man,25000000.0,412800000.0,380.0,111503.0
Driving Miss Daisy,7500000.0,145793296.0,403.0,112889.0
The Breakfast Club,1000000.0,51525171.0,2108.0,102250.0
Friday the 13th,550000.0,59754601.0,4488.0,94894.0
Halloween,300000.0,70000000.0,948.0,49261.0
Poltergeist,10700000.0,122200000.0,609.0,116552.0
Lethal Weapon,15000000.0,120207127.0,941.0,32762.0
Lethal Weapon 2,25000000.0,227853986.0,942.0,37008.0
Lethal Weapon 3,35000000.0,321731527.0,943.0,39420.0
Gremlins,11000000.0,153083102.0,927.0,32143.0
Gremlins 2: The New Batch,50000000.0,41482207.0,928.0,32976.0
Metropolis,92620000.0,650422.0,19.0,112281.0
Back to the Future Part II,40000000.0,332000000.0,165.0,112864.0
Back to the Future Part III,40000000.0,244527583.0,196.0,114508.0
The Poseidon Adventure,5000000.0,84563118.0,551.0,107688.0
Bambi,858000.0,267447150.0,3170.0,32590.0
Seven Samurai,2000000.0,271841.0,346.0,106339.0
Dangerous Liaisons,14000000.0,34670720.0,859.0,116536.0
Dune,40000000.0,30925690.0,841.0,53459.0
The Godfather: Part III,54000000.0,136766062.0,242.0,109771.0
The Rapture,1227401.0,1277401.0,1411.0,116477.0
Saving Private Ryan,70000000.0,481840909.0,857.0,42054.0
Roger & Me,160000.0,6706368.0,1779.0,120184.0
Doctor Zhivago,11000000.0,111858363.0,907.0,25164.0
Blue Velvet,6000000.0,8551228.0,793.0,106810.0
Splash,8000000.0,69821334.0,2619.0,188052.0
Tron,17000000.0,33000000.0,97.0,113247.0
The Outsiders,10000000.0,33697647.0,227.0,109676.0
Indiana Jones and the Temple of Doom,28000000.0,333000000.0,87.0,116151.0
The Lord of the Rings,4000000.0,30471420.0,123.0,109424.0
The Addams Family,30000000.0,191502426.0,2907.0,167427.0
Snake Eyes,73000000.0,103891409.0,8688.0,63592.0
Who's Afraid of Virginia Woolf?,7500000.0,33736689.0,396.0,113014.0
An American Tail,9000000.0,84542002.0,4978.0,259393.0
The Gods Must Be Crazy,5000000.0,60000000.0,8393.0,87337.0
How Stella Got Her Groove Back,20000000.0,37672350.0,33644.0,449086.0
Rosemary's Baby,3200000.0,33395426.0,805.0,117913.0
Beetlejuice,15000000.0,73326666.0,4011.0,208092.0
Rope,1500000.0,2200000.0,1580.0,119654.0
Family Plot,2000000.0,7900000.0,5854.0,83064.0
Frenzy,3500000.0,12600000.0,573.0,107225.0
Topaz,4000000.0,6000000.0,2370.0,89087.0
Torn Curtain,3000000.0,13000000.0,5780.0,82926.0
Marnie,2135161.0,7000000.0,506.0,107756.0
The Man Who Knew Too Much,2500000.0,10250000.0,574.0,111252.0
Strangers on a Train,1200000.0,7000000.0,845.0,111424.0
54,13000000.0,16757163.0,3682.0,70355.0
Willow,35000000.0,57269863.0,847.0,115680.0
The Untouchables,25000000.0,76270454.0,117.0,115033.0
Cube,250000.0,501818.0,431.0,106519.0
Working Girl,28000000.0,103173635.0,3525.0,86927.0
Married to the Mob,10000000.0,21486757.0,2321.0,120789.0
A Few Good Men,40000000.0,243240178.0,881.0,116311.0
Indecent Proposal,38000000.0,266614059.0,4478.0,94746.0
Rush Hour,33000000.0,244386864.0,2109.0,79367.0
Ronin,55000000.0,41610884.0,8195.0,53619.0
The Thing,15000000.0,19629760.0,1091.0,98627.0
Edward Scissorhands,20000000.0,53000000.0,162.0,109508.0
Antz,60000000.0,171757863.0,8916.0,358135.0
2010,28000000.0,40400657.0,4437.0,76786.0
The Elephant Man,5000000.0,26010864.0,1955.0,79417.0
Practical Magic,75000000.0,46683377.0,6435.0,43887.0
Life Is Beautiful,20000000.0,229400000.0,637.0,117608.0
American History X,20000000.0,23875127.0,73.0,113828.0
Gods and Monsters,10000000.0,6451628.0,3033.0,94012.0
Elizabeth,30000000.0,82150642.0,4518.0,95488.0
I Still Know What You Did Last Summer,65000000.0,40002112.0,3600.0,54692.0
Meet Joe Black,90000000.0,142940100.0,297.0,114084.0
Central Station,2900000.0,5596708.0,666.0,113720.0
Pink Flamingos,12000.0,6000000.0,692.0,117688.0
King Kong,672000.0,10000000.0,244.0,113234.0
Desperately Seeking Susan,5000000.0,27400000.0,8130.0,189553.0
A View to a Kill,30000000.0,152427960.0,707.0,117107.0
Star Trek: Insurrection,70000000.0,118000000.0,200.0,114666.0
Shakespeare in Love,25000000.0,289317794.0,1934.0,30993.0
Rambo: First Blood Part II,44000000.0,300400432.0,1369.0,110171.0
First Blood,15000000.0,125212904.0,1368.0,42354.0
Rambo III,63000000.0,189015611.0,1370.0,99423.0
Rocky II,7000000.0,200182160.0,1367.0,115433.0
Rocky III,17000000.0,270000000.0,1371.0,79945.0
Rocky IV,31000000.0,300473716.0,1374.0,84726.0
Rocky V,42000000.0,119946358.0,1375.0,88170.0
The Karate Kid,8000000.0,90815558.0,1885.0,120777.0
National Lampoon's Christmas Vacation,27000000.0,71320000.0,5825.0,36112.0
The Thin Red Line,52000000.0,98126565.0,8741.0,107999.0
Playing by Heart,20000000.0,3970078.0,825.0,116164.0
Armed and Dangerous,12000000.0,15945534.0,2620.0,120865.0
The Name of the Rose,20000000.0,77200000.0,192.0,114435.0
Payback,90000000.0,161626121.0,2112.0,101969.0
Office Space,10000000.0,12827813.0,1542.0,115744.0
8MM,40000000.0,96618699.0,8224.0,188404.0
Pet Sematary,11500000.0,57469467.0,8913.0,384810.0
Children of the Corn II: The Final Sacrifice,900000.0,6980986.0,25748.0,14972.0
Airport '77,6000000.0,30000000.0,7227.0,61122.0
The Towering Inferno,14000000.0,116000000.0,5919.0,83557.0
Planet of the Apes,5800000.0,33395426.0,871.0,116934.0
Beneath the Planet of the Apes,3000000.0,18999718.0,1685.0,116592.0
Battle for the Planet of the Apes,1700000.0,8844595.0,1705.0,116465.0
Conquest of the Planet of the Apes,1700000.0,9700000.0,1688.0,118617.0
Escape from the Planet of the Apes,2500000.0,12348905.0,1687.0,119395.0
Cruel Intentions,10500000.0,75902208.0,796.0,72362.0
"Lock, Stock and Two Smoking Barrels",1350000.0,3897569.0,100.0,115907.0
The Rage: Carrie 2,21000000.0,17762705.0,7341.0,60232.0
Forces of Nature,75000000.0,93888180.0,1641.0,119164.0
The Matrix,63000000.0,463517383.0,603.0,112606.0
10 Things I Hate About You,16000000.0,53478166.0,4951.0,100054.0
The Out-of-Towners,75000000.0,29000000.0,8970.0,308644.0
Life,80000000.0,73345029.0,6522.0,58324.0
Open Your Eyes,2900000.0,368234.0,1902.0,116141.0
eXistenZ,15000000.0,2856712.0,1946.0,48356.0
Entrapment,66000000.0,212404396.0,1844.0,118819.0
Idle Hands,25000000.0,4152230.0,6552.0,301199.0
Mildred Pierce,1453000.0,5638000.0,3309.0,9018.0
Dick Tracy,47000000.0,103738726.0,8592.0,57681.0
The Mummy,80000000.0,415885488.0,564.0,109403.0
Edge of Seventeen,1500000.0,870751.0,4927.0,76299.0
Star Wars: Episode I - The Phantom Menace,115000000.0,924317558.0,1893.0,116692.0
Superman,55000000.0,300218018.0,1924.0,52077.0
Superman II,54000000.0,190458706.0,8536.0,331525.0
Dracula,355000.0,1012189.0,138.0,113952.0
Frankenstein,291000.0,12000000.0,3035.0,48380.0
The War of the Worlds,2000000.0,2000000.0,8974.0,345950.0
Notting Hill,42000000.0,363889678.0,509.0,107822.0
The Thirteenth Floor,16000000.0,18564088.0,1090.0,91763.0
The General's Daughter,60000000.0,149705852.0,2275.0,118736.0
Run Lola Run,1530000.0,7267585.0,104.0,116483.0
Arachnophobia,31000000.0,53208180.0,6488.0,293116.0
Wild Wild West,170000000.0,222104681.0,8487.0,54188.0
American Pie,11000000.0,235483004.0,2105.0,84827.0
The Blair Witch Project,60000.0,248000000.0,2667.0,49516.0
Eyes Wide Shut,65000000.0,162091208.0,345.0,109045.0
Ghostbusters,30000000.0,295212467.0,620.0,102855.0
Ghostbusters II,37000000.0,215394738.0,2978.0,144640.0
Trick,450000.0,2049595.0,1812.0,120510.0
Deep Blue Sea,60000000.0,73648228.0,8914.0,390384.0
Runaway Bride,70000000.0,309457509.0,4806.0,59527.0
Spartacus,12000000.0,60000000.0,967.0,36241.0
Lolita,2000000.0,9250000.0,802.0,117333.0
Barry Lyndon,11000000.0,20000000.0,3175.0,177789.0
The Color Purple,15000000.0,146292009.0,873.0,75169.0
The Sixth Sense,40000000.0,672806292.0,745.0,112691.0
The Thomas Crown Affair,48000000.0,124305181.0,913.0,33870.0
Airplane!,3500000.0,83453539.0,813.0,116823.0
Big,18000000.0,151668774.0,2280.0,118863.0
The 13th Warrior,160000000.0,61698899.0,1911.0,118998.0
The Astronaut's Wife,75000000.0,19598588.0,2900.0,95652.0
Chill Factor,70000000.0,11263966.0,2162.0,100240.0
American Beauty,15000000.0,356296601.0,14.0,113987.0
A Hard Day's Night,560000.0,12299668.0,704.0,117420.0
Three Kings,75000000.0,108000000.0,6415.0,93267.0
Boys Don't Cry,2000000.0,11540607.0,226.0,112899.0
Total Recall,65000000.0,261317921.0,861.0,104558.0
Hang 'em High,1800000.0,6800000.0,4929.0,84809.0
Flashdance,4000000.0,92921203.0,535.0,108122.0
The Dirty Dozen,5400000.0,45300000.0,1654.0,119095.0
Goldfinger,2500000.0,124881062.0,658.0,112509.0
From Russia with Love,2000000.0,78898765.0,657.0,111787.0
The Blue Lagoon,4500000.0,58853106.0,5689.0,101453.0
A Fistful of Dollars,200000.0,14500000.0,391.0,110186.0
Home Alone 2: Lost in New York,18000000.0,358991681.0,772.0,105201.0
Fight Club,63000000.0,100853753.0,550.0,111418.0
RoboCop,13000000.0,53000000.0,5548.0,90966.0
RoboCop 2,35000000.0,45681173.0,5549.0,53825.0
Who Framed Roger Rabbit,70000000.0,329803958.0,856.0,107575.0
For Your Eyes Only,28000000.0,195312802.0,699.0,103095.0
Licence to Kill,32000000.0,156167015.0,709.0,95776.0
Live and Let Die,7000000.0,161777836.0,253.0,110148.0
Thunderball,5500000.0,141195658.0,660.0,115591.0
Being John Malkovich,13000000.0,22863596.0,492.0,107507.0
Princess Mononoke,26500000.0,159375308.0,128.0,110217.0
The Bachelor,51000000.0,36911617.0,2020.0,94947.0
The Insider,90000000.0,60289912.0,9008.0,32635.0
Re-Animator,900000.0,2023414.0,1694.0,118632.0
Drugstore Cowboy,2500000.0,4729352.0,476.0,110137.0
Spaceballs,22700000.0,38119483.0,957.0,17350.0
Trading Places,40600000.0,90400000.0,1621.0,120169.0
Dogma,10000000.0,30652890.0,1832.0,119272.0
Women on the Verge of a Nervous Breakdown,700000.0,7179298.0,4203.0,102005.0
Sleepy Hollow,100000000.0,206071502.0,2668.0,84745.0
All About My Mother,8272296.0,67872296.0,99.0,113283.0
Bicycle Thieves,133000.0,361712.0,5156.0,66830.0
Midnight Run,30000000.0,38413606.0,9013.0,88074.0
Backdraft,75000000.0,152368585.0,2924.0,80179.0
The Fisher King,24000000.0,41895491.0,177.0,113690.0
The Green Mile,60000000.0,284600000.0,497.0,107616.0
The Cider House Rules,24000000.0,88545092.0,1715.0,119819.0
Bicentennial Man,100000000.0,93700000.0,2277.0,120162.0
Magnolia,37000000.0,48451803.0,334.0,111590.0
Man on the Moon,82000000.0,47434430.0,1850.0,130019.0
Galaxy Quest,45000000.0,90683916.0,926.0,42192.0
The Talented Mr. Ripley,40000000.0,128798265.0,1213.0,99685.0
Papillon,12000000.0,53267000.0,5924.0,83619.0
Malcolm X,34000000.0,48169908.0,1883.0,118798.0
Sister Act,31000000.0,231605150.0,2005.0,89218.0
Sister Act 2: Back in the Habit,38000000.0,57319029.0,6279.0,281820.0
Alive,32000000.0,36733909.0,7305.0,90738.0
Wayne's World,20000000.0,121697323.0,8872.0,365125.0
The Bodyguard,25000000.0,411006740.0,619.0,116165.0
Twin Peaks: Fire Walk with Me,10000000.0,4160851.0,1923.0,129387.0
Scream 3,40000000.0,161834276.0,4234.0,236784.0
The Boondock Saints,6000000.0,30471.0,8374.0,363235.0
The Beach,40000000.0,144056873.0,1907.0,120762.0
Pitch Black,23000000.0,53187659.0,2787.0,88889.0
The Whole Nine Yards,41300000.0,106371651.0,2069.0,90203.0
City Lights,1500000.0,19181.0,901.0,50419.0
Reindeer Games,42000000.0,32168970.0,2155.0,120831.0
The Next Best Thing,25000000.0,24362772.0,1831.0,120738.0
Mission to Mars,90000000.0,60874615.0,2067.0,59113.0
Hoosiers,9000000.0,28607524.0,5693.0,76666.0
Bull Durham,7000000.0,50888000.0,287.0,110671.0
Dog Day Afternoon,1800000.0,46665856.0,968.0,63350.0
American Graffiti,777000.0,140000000.0,838.0,116191.0
JFK,40000000.0,205405498.0,820.0,49521.0
Blind Date,18000000.0,39321715.0,918.0,37059.0
Erin Brockovich,52000000.0,256271286.0,462.0,109920.0
Thelma & Louise,16000000.0,45361000.0,1541.0,118556.0
Animal House,2700000.0,141000000.0,8469.0,37135.0
Do the Right Thing,6500000.0,37295445.0,925.0,39428.0
Jungle Fever,14000000.0,32482682.0,1713.0,119715.0
Double Indemnity,927262.0,2500000.0,996.0,116830.0
Cool as Ice,6000000.0,1193062.0,1496.0,118623.0
Teenage Mutant Ninja Turtles,13500000.0,202000000.0,1498.0,119381.0
Teenage Mutant Ninja Turtles II: The Secret of the Ooze,25000000.0,78000000.0,1497.0,119013.0
Teenage Mutant Ninja Turtles III,21000000.0,42000000.0,1499.0,118615.0
Red Dawn,4200000.0,38376497.0,1880.0,119506.0
Band of the Hand,8700000.0,4865912.0,33762.0,411291.0
"Good Morning, Vietnam",13000000.0,123922370.0,801.0,116493.0
Guess Who's Coming to Dinner,4000000.0,56666667.0,1879.0,125128.0
Romeo Must Die,25000000.0,91036760.0,2085.0,55254.0
The Hustler,2000000.0,7600000.0,990.0,117011.0
Close Encounters of the Third Kind,20000000.0,303788635.0,840.0,116571.0
Jacob's Ladder,25000000.0,25965144.0,2291.0,99487.0
Ladyhawke,20000000.0,18432000.0,526.0,105032.0
High Fidelity,30000000.0,47126295.0,243.0,113199.0
El Dorado,4653000.0,6000000.0,6644.0,91830.0
Hook,70000000.0,300854823.0,879.0,120004.0
Return to Me,24000000.0,36609995.0,2621.0,115005.0
Predator,18000000.0,98235548.0,106.0,110251.0
American Psycho,7000000.0,34266564.0,1359.0,116705.0
Keeping the Faith,30000000.0,37036004.0,4967.0,283509.0
U-571,62000000.0,127666415.0,3536.0,171433.0
The Virgin Suicides,6000000.0,10409377.0,1443.0,117907.0
The Flintstones in Viva Rock Vegas,83000000.0,59468275.0,889.0,109001.0
Gladiator,103000000.0,457640427.0,98.0,111173.0
Battlefield Earth,44000000.0,21400000.0,5491.0,49170.0
Pee-wee's Big Adventure,6000000.0,40940662.0,5683.0,293832.0
Mission: Impossible II,125000000.0,546388105.0,955.0,29947.0
Shanghai Noon,55000000.0,56932305.0,8584.0,37865.0
The Gold Rush,923000.0,2500000.0,962.0,32022.0
On Her Majesty's Secret Service,6500000.0,81974493.0,668.0,48473.0
The Spy Who Loved Me,14000000.0,185438673.0,691.0,117104.0
Moonraker,34000000.0,210308099.0,698.0,109593.0
The Man with the Golden Gun,7000000.0,97572000.0,682.0,111430.0
American Gigolo,4800000.0,22743674.0,2768.0,120210.0
Eraserhead,10000.0,7000000.0,985.0,117669.0
For a Few Dollars More,600000.0,15000000.0,938.0,51658.0
Flatliners,26000000.0,61489265.0,1551.0,118787.0
Predator 2,35000000.0,57120318.0,169.0,113114.0
The Running Man,27000000.0,38122105.0,865.0,114474.0
Mad Max 2: The Road Warrior,2000000.0,24600832.0,8810.0,370263.0
Angel Heart,17000000.0,17185632.0,635.0,116275.0
Shaft,4000000.0,12121618.0,482.0,110265.0
The Conversation,1600000.0,4420000.0,592.0,96895.0
The Sugarland Express,3000000.0,12800000.0,5121.0,75276.0
Big Trouble in Little China,25000000.0,11000000.0,6978.0,102943.0
Shaft,46000000.0,107196498.0,479.0,107286.0
Titan A.E.,75000000.0,36754634.0,7450.0,323033.0
Chicken Run,45000000.0,224834564.0,7443.0,308488.0
"Me, Myself & Irene",51000000.0,149270999.0,2123.0,96787.0
The Patriot,110000000.0,215294342.0,2024.0,102757.0
The Perfect Storm,120000000.0,325756637.0,2133.0,92513.0
Shaft in Africa,2142000.0,1458000.0,494.0,116253.0
Shaft's Big Score!,1978000.0,10000000.0,493.0,107554.0
The Kid,65000000.0,69700000.0,4244.0,260332.0
Scary Movie,19000000.0,278019771.0,4247.0,245686.0
Footloose,8200000.0,80035402.0,1788.0,119656.0
What Lies Beneath,100000000.0,155464351.0,2655.0,89308.0
Coyote Ugly,45000000.0,113916474.0,6282.0,277622.0
Space Cowboys,65000000.0,128884132.0,5551.0,37219.0
Saving Grace,10000000.0,26330482.0,2360.0,154420.0
Pumpkinhead,3500000.0,4385516.0,26515.0,87596.0
The Cell,33000000.0,104155843.0,8843.0,110518.0
Shane,3100000.0,20000000.0,3110.0,87091.0
Bring It On,28000000.0,90449929.0,1588.0,119190.0
The Way of the Gun,8500000.0,19125401.0,1619.0,120102.0
Almost Famous,60000000.0,47383689.0,786.0,116213.0
Dancer in the Dark,12800000.0,40031879.0,16.0,112641.0
Hellraiser,1000000.0,14564027.0,9003.0,47947.0
Voyage to the Bottom of the Sea,1580000.0,7000000.0,2160.0,63522.0
Fantastic Voyage,5115000.0,12000000.0,2161.0,88323.0
Meet the Parents,55000000.0,330444045.0,1597.0,118883.0
Requiem for a Dream,4500000.0,7390108.0,641.0,111543.0
Billy Elliot,5000000.0,110000000.0,71.0,113010.0
Bedazzled,48000000.0,90383208.0,1636.0,120192.0
Charlie's Angels,92000000.0,264105545.0,4327.0,54047.0
The Legend of Bagger Vance,80000000.0,39459427.0,4958.0,159273.0
Red Planet,80000000.0,33463969.0,8870.0,356618.0
Diamonds Are Forever,7200000.0,116019547.0,681.0,82206.0
The 6th Day,82000000.0,96085477.0,8452.0,77942.0
How the Grinch Stole Christmas,123000000.0,345141403.0,8871.0,357054.0
"Crouching Tiger, Hidden Dragon",17000000.0,213525736.0,146.0,112342.0
The Bounty,25000000.0,8613462.0,2669.0,53183.0
The Living Daylights,40000000.0,191185897.0,708.0,117979.0
The Transformers: The Movie,6000000.0,5849647.0,1857.0,119987.0
Born on the Fourth of July,14000000.0,161001698.0,2604.0,168950.0
Snatch,10000000.0,83557872.0,107.0,117110.0
Chocolat,25000000.0,152500343.0,392.0,108069.0
"Dude, Where’s My Car?",13000000.0,73180723.0,8859.0,270846.0
What Women Want,70000000.0,374111707.0,3981.0,199753.0
Finding Forrester,43000000.0,80049764.0,711.0,116322.0
The Gift,10000000.0,12008642.0,2046.0,91059.0
Miss Congeniality,45000000.0,212000000.0,1493.0,116931.0
"O Brother, Where Art Thou?",26000000.0,71868327.0,134.0,114500.0
Traffic,48000000.0,207515725.0,1900.0,118849.0
The Pledge,35000000.0,29400000.0,5955.0,168786.0
The Wedding Planner,35000000.0,94728529.0,2018.0,34492.0
Beverly Hills Cop II,20000000.0,299965036.0,96.0,113403.0
Beverly Hills Cop,15000000.0,316360478.0,90.0,113490.0
The Evil Dead,350000.0,29400000.0,764.0,113280.0
Jaws: The Revenge,23000000.0,51881013.0,580.0,110892.0
The Lost Boys,8500000.0,32222567.0,1547.0,120118.0
Sweet November,40000000.0,65754228.0,1921.0,138704.0
The Mexican,57000000.0,147845033.0,6073.0,55597.0
15 Minutes,60000000.0,56359980.0,2749.0,91554.0
The Greatest Story Ever Told,20000000.0,15473333.0,2428.0,133751.0
Harley Davidson and the Marlboro Man,23000000.0,7434726.0,2453.0,90768.0
Mermaids,31000000.0,35419397.0,4587.0,97257.0
Death on the Nile,7920000.0,14560084.0,4192.0,46899.0
The Longest Yard,2900000.0,43008075.0,4985.0,88103.0
Enemy at the Gates,68000000.0,96976270.0,853.0,104109.0
Memento,9000000.0,39723096.0,77.0,113973.0
The Tailor of Panama,21000000.0,28008462.0,2575.0,120449.0
Amores perros,2000000.0,20908467.0,55.0,113158.0
Along Came a Spider,60000000.0,105178561.0,2043.0,52722.0
Blow,53000000.0,83282296.0,4133.0,93507.0
Brigham City,1000000.0,852206.0,26791.0,105391.0
Bridget Jones's Diary,25000000.0,281929795.0,634.0,114658.0
Scarface,25000000.0,65884703.0,111.0,75314.0
The Mummy Returns,98000000.0,433013274.0,1734.0,119590.0
Cleopatra,31115000.0,71000000.0,8095.0,157913.0
Krull,27000000.0,16519460.0,849.0,116225.0
Angel Eyes,53000000.0,29700000.0,5852.0,83033.0
Shrek,60000000.0,484409218.0,808.0,115493.0
Moulin Rouge!,52500000.0,179213434.0,824.0,110246.0
Pearl Harbor,140000000.0,449220945.0,676.0,140614.0
City Slickers,27000000.0,179033791.0,1406.0,112769.0
Mississippi Burning,15000000.0,34604000.0,1632.0,120151.0
The Magnificent Seven,2000000.0,4905000.0,966.0,38235.0
The Sand Pebbles,12000000.0,20000000.0,5923.0,83598.0
Point Break,24000000.0,83531958.0,1089.0,105236.0
Lara Croft: Tomb Raider,115000000.0,274703340.0,1995.0,91778.0
A.I. Artificial Intelligence,100000000.0,235926552.0,644.0,116485.0
Kiss of the Dragon,25000000.0,64437847.0,2140.0,83791.0
Scary Movie 2,45000000.0,141220678.0,4248.0,236348.0
Final Fantasy: The Spirits Within,137000000.0,85131830.0,2114.0,86066.0
Legally Blonde,18000000.0,141774679.0,8835.0,338325.0
Apartment Zero,4000000.0,670774.0,5333.0,47892.0
Critters,2000000.0,13167232.0,3980.0,203019.0
Ernest Saves Christmas,6000000.0,28202109.0,26386.0,76141.0
The Great Outdoors,24000000.0,43455230.0,2617.0,120616.0
Permanent Record,8000000.0,1893139.0,51321.0,36104.0
They Live,4000000.0,13008928.0,8337.0,46816.0
Bill & Ted's Excellent Adventure,10000000.0,40485039.0,1648.0,119324.0
Black Rain,30000000.0,45892212.0,4105.0,83907.0
Earth Girls Are Easy,10000000.0,3916303.0,2210.0,28212.0
Johnny Handsome,20000000.0,7237794.0,505.0,110687.0
Jurassic Park III,93000000.0,368780809.0,331.0,111454.0
Brother,12000000.0,15250000.0,327.0,114614.0
Planet of the Apes,100000000.0,362211740.0,869.0,116745.0
Wet Hot American Summer,5000000.0,295206.0,2171.0,119778.0
Uncle Buck,15000000.0,79258538.0,2616.0,99422.0
Vampire's Kiss,2000000.0,725131.0,7091.0,23027.0
The Wizard,6000000.0,14278900.0,183.0,110604.0
The Cotton Club,58000000.0,25928721.0,2148.0,91223.0
Original Sin,42000000.0,35402320.0,2057.0,57180.0
Rush Hour 2,90000000.0,347325802.0,5175.0,99768.0
American Pie 2,30000000.0,287553595.0,2770.0,131325.0
Captain Corelli's Mandolin,57000000.0,62112895.0,1722.0,120347.0
Jay and Silent Bob Strike Back,22000000.0,33788161.0,2294.0,120587.0
Summer Catch,34000000.0,19693891.0,26602.0,93668.0
Jeepers Creepers,10000000.0,59217789.0,8922.0,92972.0
The Glass House,30000000.0,23619609.0,2176.0,40746.0
Big Trouble,40000000.0,8493890.0,2185.0,45897.0
Training Day,45000000.0,104876233.0,2034.0,78869.0
Pocketful of Miracles,2900000.0,5000000.0,248.0,110066.0
Bandits,75000000.0,67631903.0,3172.0,47630.0
Mulholland Drive,15000000.0,20117339.0,1018.0,59793.0
Dirty Harry,4000000.0,35976000.0,984.0,117357.0
From Hell,35000000.0,74558115.0,768.0,114494.0
The Last Castle,72000000.0,27642707.0,2100.0,88161.0
K-PAX,48000000.0,50315140.0,167.0,113044.0
Donnie Darko,6000000.0,1270522.0,141.0,115685.0
"Monsters, Inc.",115000000.0,562816256.0,585.0,112572.0
Harry Potter and the Philosopher's Stone,125000000.0,976475550.0,671.0,117128.0
Spy Game,92000000.0,143049560.0,1535.0,119578.0
The Devil's Backbone,4500000.0,6459020.0,1433.0,110425.0
Flash Gordon,35000000.0,27107960.0,3604.0,56048.0
Behind Enemy Lines,40000000.0,91753202.0,8007.0,105191.0
Ocean's Eleven,85000000.0,450717150.0,161.0,112740.0
Amélie,10000000.0,173921954.0,194.0,114478.0
Vanilla Sky,68000000.0,203388341.0,1903.0,126938.0
Spacehunter: Adventures in the Forbidden Zone,15000000.0,16500000.0,26978.0,119467.0
The Lord of the Rings: The Fellowship of the Ring,93000000.0,871368364.0,120.0,117427.0
A Beautiful Mind,60000000.0,313542341.0,453.0,106941.0
Witness for the Prosecution,3000000.0,9000000.0,37257.0,66612.0
Black Hawk Down,92000000.0,172989651.0,855.0,100840.0
Gosford Park,19800000.0,87754044.0,5279.0,102103.0
Monster's Ball,4000000.0,44909486.0,1365.0,117477.0
Brotherhood of the Wolf,29000000.0,70752904.0,6312.0,89838.0
Dragonslayer,18000000.0,14110013.0,848.0,117718.0
48 Hrs.,12000000.0,78868508.0,150.0,112384.0
M*A*S*H,3500000.0,81600000.0,651.0,117788.0
The Mothman Prophecies,32000000.0,55157539.0,2637.0,32818.0
Honky Tonk Freeway,24000000.0,939423.0,47871.0,96184.0
The Man Who Loved Women,19000000.0,11000000.0,69928.0,274678.0
The Time Machine,80000000.0,123729176.0,2135.0,61584.0
Ice Age,59000000.0,383257136.0,425.0,109306.0
Showtime,85000000.0,77741732.0,5851.0,83006.0
Y Tu Mamá También,5000000.0,33616692.0,1391.0,116996.0
Panic Room,48000000.0,196397415.0,4547.0,96180.0
The Piano Teacher,3000000.0,9801375.0,1791.0,119594.0
Rashomon,250000.0,96568.0,548.0,111400.0
Changing Lanes,45000000.0,94935764.0,1537.0,117615.0
Human Nature,6000000.0,705308.0,441.0,106677.0
Unfaithful,50000000.0,119137784.0,2251.0,101530.0
About a Boy,27000000.0,129000000.0,245.0,109906.0
Star Wars: Episode II - Attack of the Clones,120000000.0,649398328.0,1894.0,120828.0
The Believer,1500000.0,416925.0,4012.0,95927.0
Enough,38000000.0,51801187.0,1957.0,82158.0
Insomnia,46000000.0,113714830.0,320.0,108260.0
The Sum of All Fears,68000000.0,193000000.0,4614.0,97659.0
Bad Company,70000000.0,65977295.0,3132.0,10040.0
The Bourne Identity,60000000.0,214034224.0,2501.0,132477.0
Minority Report,102000000.0,358372926.0,180.0,113749.0
Mr. Deeds,50000000.0,171269535.0,2022.0,95497.0
Men in Black II,140000000.0,441818803.0,608.0,116282.0
The Powerpuff Girls Movie,10000000.0,11411644.0,59387.0,460791.0
Reign of Fire,60000000.0,43061982.0,6278.0,314062.0
Road to Perdition,80000000.0,181001478.0,4147.0,250478.0
The Legend of Boggy Creek,100000.0,22000000.0,1842.0,118229.0
K-19: The Widowmaker,100000000.0,35168966.0,8665.0,372183.0
Austin Powers in Goldmember,63000000.0,296655431.0,818.0,118073.0
Top Secret!,9000000.0,20458340.0,8764.0,118030.0
Signs,72000000.0,408247917.0,2675.0,138590.0
xXx,70000000.0,277448382.0,7451.0,377092.0
The Isle,50000.0,21075.0,8653.0,73559.0
The Transporter,21000000.0,43928932.0,4108.0,93029.0
Spirited Away,15000000.0,274925095.0,129.0,114131.0
Bowling for Columbine,4000000.0,35564473.0,1430.0,120414.0
The Ring,48000000.0,249348933.0,565.0,104029.0
Jackass: The Movie,5000000.0,64282312.0,9012.0,45109.0
Frida,12000000.0,56298474.0,1360.0,84116.0
Exodus,4000000.0,21750000.0,1941.0,40416.0
I Spy,70000000.0,33561137.0,8427.0,78766.0
8 Mile,41000000.0,215000000.0,65.0,115683.0
Harry Potter and the Chamber of Secrets,100000000.0,876688482.0,672.0,114616.0
The Quiet American,30000000.0,27674124.0,8198.0,54371.0
Talk to Her,9285469.0,51001550.0,64.0,118002.0
Solaris,47000000.0,30002758.0,2103.0,111359.0
Treasure Planet,140000000.0,109578115.0,9016.0,125510.0
Adaptation.,19000000.0,32801173.0,2757.0,83967.0
Equilibrium,20000000.0,5359645.0,7299.0,329388.0
Alone in the Dark,20000000.0,8178569.0,40952.0,387059.0
Maid in Manhattan,55000000.0,154906693.0,7303.0,52738.0
Star Trek: Nemesis,60000000.0,67312826.0,201.0,114663.0
About Schmidt,30000000.0,105834556.0,2755.0,93415.0
The Lord of the Rings: The Two Towers,79000000.0,926287400.0,121.0,106473.0
25th Hour,15000000.0,13060843.0,1429.0,116704.0
Gangs of New York,100000000.0,193772504.0,3131.0,118780.0
Two Weeks Notice,60000000.0,93354918.0,2642.0,86393.0
Body of Evidence,30000000.0,13273595.0,2149.0,93220.0
Catch Me If You Can,52000000.0,352114312.0,640.0,116095.0
Chicago,45000000.0,306776732.0,1574.0,119098.0
The Hours,25000000.0,41597830.0,590.0,99348.0
The Pianist,35000000.0,120072577.0,423.0,109303.0
Confessions of a Dangerous Mind,30000000.0,33013805.0,4912.0,62994.0
City of God,3300000.0,30641770.0,598.0,110719.0
Shanghai Knights,50000000.0,88323487.0,6038.0,100822.0
A Countess from Hong Kong,3500000.0,2000000.0,2984.0,67527.0
Dark Blue,15000000.0,9237470.0,4911.0,76221.0
Bend It Like Beckham,3500159.0,76578641.0,455.0,106965.0
Ringu,1200000.0,8690429.0,2671.0,125439.0
Dreamcatcher,68000000.0,75715436.0,6171.0,68441.0
Phone Booth,13000000.0,97837138.0,1817.0,119560.0
House of 1000 Corpses,7000000.0,16829545.0,2662.0,46534.0
Straw Dogs,2200000.0,3251794.0,994.0,115678.0
Identity,30000000.0,90259536.0,2832.0,144286.0
The Matrix Reloaded,150000000.0,738599701.0,604.0,115978.0
The Spanish Apartment,5300000.0,3897799.0,1555.0,112951.0
Bruce Almighty,80000000.0,484572835.0,310.0,114268.0
Finding Nemo,94000000.0,940335536.0,12.0,112896.0
2 Fast 2 Furious,76000000.0,236350661.0,584.0,106678.0
Whale Rider,8000000.0,41400000.0,1088.0,92890.0
Barton Fink,9000000.0,6153939.0,290.0,110729.0
Shattered,22000000.0,11511031.0,2071.0,106273.0
28 Days Later,5000000.0,82719885.0,170.0,113243.0
Never on Sunday,151000.0,8000000.0,43039.0,59314.0
Scaramouche,3005000.0,6746000.0,33454.0,104782.0
Hulk,137000000.0,245360480.0,1927.0,20629.0
Terminator 3: Rise of the Machines,200000000.0,435000000.0,296.0,110912.0
Swimming Pool,7800000.0,22441323.0,302.0,110963.0
Pirates of the Caribbean: The Curse of the Black Pearl,140000000.0,655011224.0,22.0,112722.0
The League of Extraordinary Gentlemen,78000000.0,179265204.0,8698.0,99292.0
Bad Boys II,130000000.0,273339556.0,8961.0,317705.0
Lara Croft Tomb Raider: The Cradle of Life,95000000.0,156505388.0,1996.0,95889.0
Seabiscuit,87000000.0,148336445.0,4464.0,94606.0
Mondays in the Sun,4000000.0,146402.0,54580.0,431979.0
"One, Two, Three",3000000.0,4000000.0,430.0,106505.0
The Private Life of Sherlock Holmes,10000000.0,1500000.0,5185.0,80863.0
American Wedding,55000000.0,231449203.0,8273.0,104545.0
Freddy vs. Jason,30000000.0,114908830.0,6466.0,102456.0
Open Range,22000000.0,68296293.0,2055.0,77698.0
THX 1138,777000.0,2437000.0,636.0,113122.0
Valley of the Dolls,5000000.0,50000000.0,3055.0,165773.0
The Keep,6000000.0,3661757.0,26198.0,63829.0
Marci X,20000000.0,1675706.0,32316.0,43972.0
Party Monster,5000000.0,742898.0,1415.0,118100.0
Matchstick Men,62000000.0,65565672.0,7270.0,111218.0
Once Upon a Time in Mexico,29000000.0,98185582.0,1428.0,112362.0
Lost in Translation,4000000.0,119723856.0,153.0,112462.0
Memoirs of an Invisible Man,40000000.0,14358033.0,2687.0,120855.0
Underworld,22000000.0,95708457.0,277.0,110527.0
Duplex,40000000.0,19322135.0,7288.0,13140.0
Mambo Italiano,4361898.0,3031801.0,321.0,106966.0
Videodrome,5952000.0,2120439.0,837.0,117008.0
Judgment at Nuremberg,3000000.0,10000000.0,821.0,112746.0
All the President's Men,8500000.0,70600000.0,891.0,113253.0
Boyz n the Hood,6500000.0,57504069.0,650.0,117071.0
Sleeping with the Enemy,19000000.0,174999005.0,7442.0,289635.0
The Rookie,10000000.0,21633874.0,6723.0,108592.0
Out of Time,50000000.0,55495563.0,2116.0,77869.0
School of Rock,35000000.0,131282949.0,1584.0,118884.0
The Station Agent,500000.0,8679814.0,2056.0,56095.0
Wonderland,5000000.0,2466444.0,4997.0,217331.0
Mystic River,25000000.0,156822020.0,322.0,114594.0
Kill Bill: Vol. 1,30000000.0,180949000.0,24.0,114168.0
Scary Movie 3,48000000.0,220673217.0,4256.0,240402.0
Elephant,3000000.0,10012022.0,1807.0,120642.0
The Matrix Revolutions,150000000.0,424988211.0,605.0,117247.0
Love Actually,40000000.0,244931766.0,508.0,107818.0
Master and Commander: The Far Side of the World,150000000.0,212011111.0,8619.0,111205.0
Gothika,40000000.0,141591324.0,4970.0,20697.0
21 Grams,20000000.0,60427839.0,470.0,110064.0
WarGames,12000000.0,79567667.0,860.0,109255.0
Hannah and Her Sisters,6400000.0,40084041.0,5143.0,48310.0
Highlander II: The Quickening,30000000.0,15556340.0,8010.0,105159.0
Kindergarten Cop,15000000.0,201957688.0,951.0,32599.0
Last Tango in Paris,1250000.0,36144000.0,1643.0,119280.0
Mr. Destiny,20000000.0,15379253.0,2612.0,37913.0
Over the Top,25000000.0,16057580.0,1825.0,119905.0
Battle Royale,4500000.0,25000000.0,3176.0,134119.0
Vivre Sa Vie,64000.0,24517.0,1626.0,119123.0
Wild at Heart,9500000.0,14560247.0,483.0,107322.0
Birdman of Alcatraz,2650000.0,3100000.0,898.0,32904.0
The Birth of a Nation,100000.0,11000000.0,618.0,118001.0
Red River,3000000.0,9012000.0,3089.0,40522.0
Bullitt,5500000.0,42300873.0,916.0,46250.0
42nd Street,439000.0,2281000.0,3062.0,56197.0
Hero,31000000.0,177394432.0,79.0,116731.0
Nausicaä of the Valley of the Wind,1000000.0,3301446.0,81.0,114660.0
The Last Samurai,140000000.0,456758981.0,616.0,65421.0
Big Fish,70000000.0,122919055.0,587.0,99653.0
Something's Gotta Give,80000000.0,266728738.0,6964.0,88987.0
Stuck on You,55000000.0,33828318.0,1792.0,120873.0
The Lord of the Rings: The Return of the King,94000000.0,1118888979.0,122.0,103859.0
Calendar Girls,10000000.0,96542059.0,8696.0,69822.0
Monster,8000000.0,60378584.0,504.0,110678.0
Cold Mountain,79000000.0,173013509.0,2289.0,105151.0
Along Came Polly,42000000.0,171963386.0,5966.0,49414.0
The Butterfly Effect,13000000.0,96060858.0,1954.0,75148.0
The Dreamers,15000000.0,15121165.0,1278.0,72431.0
50 First Dates,75000000.0,196482882.0,1824.0,119305.0
Raw Deal,8500000.0,16209459.0,2099.0,38969.0
Against the Ropes,39000000.0,6614280.0,8842.0,105108.0
The Passion of the Christ,30000000.0,611899420.0,615.0,70506.0
"Good bye, Lenin!",4800000.0,79384880.0,338.0,114857.0
Hidalgo,100000000.0,108103450.0,2023.0,99674.0
Secret Window,40000000.0,92913171.0,1586.0,119173.0
Clifford,19000000.0,7411659.0,2778.0,113965.0
Dawn of the Dead,28000000.0,102356381.0,924.0,62622.0
Eternal Sunshine of the Spotless Mind,20000000.0,72258126.0,38.0,113442.0
Dogville,10000000.0,16680836.0,553.0,108358.0
Hellboy,66000000.0,99318987.0,1487.0,120094.0
The Whole Ten Yards,40000000.0,26155781.0,2122.0,87050.0
The Ten Commandments,13000000.0,122700000.0,6844.0,110722.0
Dawn of the Dead,650000.0,55000000.0,923.0,33467.0
Kill Bill: Vol. 2,30000000.0,152159461.0,393.0,111301.0
The Punisher,33000000.0,54700105.0,7220.0,87718.0
Young Adam,6400000.0,2500000.0,237.0,113097.0
Van Helsing,160000000.0,300257475.0,7131.0,53320.0
Troy,175000000.0,497409852.0,652.0,112257.0
You Only Live Twice,9500000.0,111584787.0,667.0,112536.0
Octopussy,27500000.0,187500000.0,700.0,112368.0
Desert Hearts,350000.0,2400000.0,294.0,114113.0
The Miracle Worker,500000.0,2500000.0,1162.0,69198.0
Noises Off...,12000000.0,2280148.0,26670.0,98204.0
The China Syndrome,5900000.0,51718367.0,988.0,116442.0
Ken Park,1300000.0,447741.0,7090.0,299977.0
A Bridge Too Far,22000000.0,50750000.0,5902.0,268126.0
The Getaway,3352254.0,58831997.0,5916.0,83326.0
Mean Streets,500000.0,3000000.0,203.0,114682.0
Harper,3500000.0,12000000.0,26268.0,68655.0
Beyond the Valley of the Dolls,2090000.0,40000000.0,5722.0,82183.0
Shrek 2,150000000.0,919838758.0,809.0,116320.0
The Day After Tomorrow,125000000.0,544272402.0,435.0,106598.0
Raising Helen,50000000.0,49718611.0,4599.0,97457.0
Harry Potter and the Prisoner of Azkaban,130000000.0,789804554.0,673.0,117705.0
The Chronicles of Riddick,105000000.0,115772733.0,2789.0,77394.0
Garfield,50000000.0,200804534.0,8920.0,46874.0
The Doctor,12000000.0,38120905.0,26142.0,59418.0
The Terminal,60000000.0,219417255.0,594.0,29583.0
Two Brothers,74500000.0,62172050.0,1997.0,70047.0
Bob & Carol & Ted & Alice,2000000.0,30000000.0,26520.0,87821.0
Taxi 3,14500000.0,65497208.0,2334.0,133952.0
Fahrenheit 9/11,6000000.0,119114517.0,1777.0,120888.0
Spider-Man 2,200000000.0,783766341.0,558.0,110763.0
Before Sunset,2700000.0,15992615.0,80.0,112445.0
Anchorman: The Legend of Ron Burgundy,26000000.0,90574188.0,8699.0,219636.0
"I, Robot",120000000.0,347234916.0,2048.0,91149.0
The Bourne Supremacy,75000000.0,288500217.0,2502.0,151804.0
Catwoman,100000000.0,82102379.0,314.0,111112.0
Stay Hungry,5000000.0,24854765.0,5228.0,32520.0
A Woman Is a Woman,160000.0,100655.0,31522.0,79095.0
The Village,60000000.0,256697520.0,6947.0,311113.0
Garden State,2500000.0,26781723.0,401.0,113827.0
Collateral,65000000.0,217764291.0,1538.0,120087.0
AVP: Alien vs. Predator,70000000.0,171183863.0,395.0,112849.0
Resident Evil: Apocalypse,45000000.0,129394835.0,1577.0,117076.0
Sky Captain and the World of Tomorrow,70000000.0,57958696.0,5137.0,143861.0
Shaun of the Dead,4000000.0,30039392.0,747.0,117768.0
Shall We Dance?,50000000.0,170128460.0,4380.0,203632.0
Team America: World Police,32000000.0,50907422.0,3989.0,230591.0
The Grudge,10000000.0,183474602.0,1970.0,93629.0
Alfie,60000000.0,13395939.0,8849.0,92133.0
The Machinist,5000000.0,8203235.0,4553.0,96256.0
Saw,1200000.0,103911669.0,176.0,113677.0
Ray,40000000.0,124731534.0,1677.0,118901.0
The Polar Express,165000000.0,305875730.0,5255.0,279781.0
Finding Neverland,25000000.0,116766556.0,866.0,115736.0
Veer-Zaara,7000000.0,29385320.0,4251.0,221073.0
National Treasure,100000000.0,347451894.0,2059.0,120783.0
Bad Education,5000000.0,40266982.0,140.0,118055.0
Alexander,155000000.0,167298192.0,1966.0,100142.0
Closer,27000000.0,115505027.0,2288.0,84787.0
Ocean's Twelve,110000000.0,362744280.0,163.0,112851.0
The Big Parade,245000.0,22000000.0,3060.0,101605.0
The Bride Wore Black,747000.0,44566.0,4191.0,60086.0
Zabriskie Point,7000000.0,1000000.0,2998.0,144178.0
Sweet Sweetback's Baadasssss Song,150000.0,15200000.0,5822.0,106215.0
"Farewell, My Lovely",2500000.0,2000000.0,1835.0,120632.0
Blue Thunder,22000000.0,42313354.0,6341.0,308878.0
Rumble Fish,10000000.0,2494480.0,232.0,111797.0
Mishima: A Life in Four Chapters,5000000.0,502758.0,27064.0,143127.0
Club Paradise,15000000.0,12308521.0,26555.0,90056.0
Prince of Darkness,3000000.0,14182492.0,8852.0,59399.0
Frankenhooker,2500000.0,205068.0,27274.0,214605.0
Beowulf,20000000.0,1531251.0,5470.0,44744.0
2046,12000000.0,19271312.0,844.0,108227.0
Sympathy for Mr. Vengeance,4000000.0,1954937.0,4689.0,65761.0
Oldboy,3000000.0,14980005.0,670.0,52572.0
The Sea Inside,12806000.0,38535221.0,1913.0,73540.0
Spanglish,80000000.0,55041367.0,2539.0,122933.0
The Interpreter,80000000.0,162944923.0,179.0,113729.0
Open Water,130000.0,54667954.0,83.0,114039.0
Layer Cake,6500000.0,11850214.0,4836.0,80556.0
Born into Brothels,350000.0,3515061.0,1392.0,115906.0
Riding Giants,2600000.0,3166000.0,291.0,114151.0
A Scanner Darkly,8700000.0,7659918.0,3509.0,165643.0
Million Dollar Baby,30000000.0,216763646.0,70.0,116367.0
Hotel Rwanda,17500000.0,38000000.0,205.0,114798.0
Charlie and the Chocolate Factory,150000000.0,474968763.0,118.0,116606.0
The Life Aquatic with Steve Zissou,50000000.0,34808403.0,421.0,109279.0
The Aviator,116000000.0,102000000.0,2567.0,131369.0
Meet the Fockers,80000000.0,516642939.0,693.0,109751.0
Racing Stripes,30000000.0,93772522.0,6439.0,48966.0
Coach Carter,30000000.0,76669806.0,7214.0,50599.0
Beastmaster 2: Through the Portal of Time,6000000.0,869325.0,27549.0,301167.0
Downfall,18339750.0,92180910.0,613.0,116684.0
Assault on Precinct 13,30000000.0,35294470.0,8978.0,388419.0
Boogeyman,20000000.0,67192859.0,8968.0,367479.0
The Wedding Date,15000000.0,47175038.0,6961.0,104237.0
Double Dragon,3500000.0,2341309.0,2436.0,120857.0
Howl's Moving Castle,24000000.0,234710455.0,4935.0,80715.0
Hitch,70000000.0,368100420.0,8488.0,70689.0
Constantine,100000000.0,230884728.0,561.0,110259.0
Night Watch,4200000.0,32000000.0,3040.0,79540.0
Be Cool,53000000.0,95226116.0,4551.0,96241.0
Hostage,52000000.0,77944725.0,2026.0,134619.0
Once Upon a Forest,13000000.0,6582052.0,33539.0,365109.0
Sin City,40000000.0,158733820.0,187.0,114095.0
Sahara,130000000.0,119269486.0,7364.0,332658.0
The Hitchhiker's Guide to the Galaxy,50000000.0,104478416.0,7453.0,363282.0
A Lot Like Love,30000000.0,42886719.0,8976.0,38048.0
Kingdom of Heaven,130000000.0,211643158.0,1495.0,120389.0
Crash,6500000.0,98410061.0,1640.0,119326.0
Star Wars: Episode III - Revenge of the Sith,113000000.0,850000000.0,1895.0,127723.0
Monster-in-Law,43000000.0,154749918.0,4379.0,179473.0
9 Songs,1000000.0,1574623.0,27.0,114011.0
Madagascar,75000000.0,532680671.0,953.0,38650.0
Cinderella Man,88000000.0,108539911.0,921.0,84370.0
Mr. & Mrs. Smith,110000000.0,478207520.0,787.0,113147.0
Batman Begins,150000000.0,374218673.0,272.0,110428.0
War of the Worlds,132000000.0,591739379.0,74.0,115644.0
March of the Penguins,8000000.0,127392239.0,1667.0,119592.0
Rebound,45000000.0,16809014.0,7233.0,91513.0
Dark Water,30000000.0,25473093.0,9009.0,275468.0
Russian Dolls,13000000.0,23727301.0,1826.0,120598.0
The Island,126000000.0,162949164.0,1635.0,119349.0
Broken Flowers,10000000.0,45742101.0,308.0,111507.0
The Dukes of Hazzard,50000000.0,110803676.0,6519.0,76059.0
Four Brothers,45000000.0,92374674.0,8292.0,43614.0
The 40 Year Old Virgin,26000000.0,109449237.0,6957.0,307987.0
The Brothers Grimm,88000000.0,105316267.0,4442.0,89461.0
The Constant Gardener,25000000.0,82466670.0,1985.0,95271.0
Just Like Heaven,58000000.0,102854431.0,9007.0,36940.0
Lord of War,42000000.0,24127895.0,1830.0,119139.0
Everything is Illuminated,7000000.0,2697930.0,340.0,111667.0
Doom,60000000.0,55987321.0,8814.0,364751.0
Æon Flux,62000000.0,52304001.0,8202.0,44487.0
An Unfinished Life,30000000.0,18618284.0,1947.0,55614.0
The Exorcism of Emily Rose,19000000.0,144216468.0,8643.0,356470.0
Corpse Bride,40000000.0,117195061.0,3933.0,52969.0
A History of Violence,32000000.0,60740827.0,59.0,112714.0
Oliver Twist,50000000.0,42093706.0,257.0,113501.0
Capote,7000000.0,49084830.0,398.0,113104.0
The Curse of the Were-Rabbit,30000000.0,192452832.0,533.0,111143.0
Kiss Kiss Bang Bang,15000000.0,15785148.0,5236.0,97106.0
55 Days at Peking,17000000.0,10000000.0,27759.0,359564.0
Brokeback Mountain,14000000.0,178043761.0,142.0,94878.0
"Good Night, and Good Luck.",7000000.0,54600000.0,3291.0,217107.0
The Fog,18000000.0,46201432.0,791.0,113610.0
Shopgirl,10284523.0,11588205.0,2610.0,138874.0
The Legend of Zorro,75000000.0,142400065.0,1656.0,120257.0
The Weather Man,20000000.0,12482775.0,6963.0,293088.0
Saw II,4000000.0,152925093.0,215.0,112471.0
Manderlay,14200000.0,674918.0,1951.0,63385.0
Damnation Alley,17000000.0,8720000.0,25763.0,18737.0
Jarhead,72000000.0,96889998.0,25.0,113627.0
Syriana,50000000.0,94000000.0,231.0,109686.0
Derailed,22000000.0,57479076.0,8999.0,75323.0
Pride & Prejudice,28000000.0,121147947.0,4348.0,194530.0
Harry Potter and the Goblet of Fire,150000000.0,895921036.0,674.0,62711.0
Walk the Line,28000000.0,186438883.0,69.0,113118.0
Rent,40000000.0,31670620.0,1833.0,120749.0
Zathura: A Space Adventure,65000000.0,64321501.0,6795.0,90735.0
Match Point,15000000.0,85306374.0,116.0,112373.0
"The Chronicles of Narnia: The Lion, the Witch and the Wardrobe",180000000.0,748806957.0,411.0,111804.0
King Kong,207000000.0,550000000.0,254.0,113463.0
Memoirs of a Geisha,85000000.0,162242962.0,1904.0,122529.0
Munich,70000000.0,130358911.0,612.0,117283.0
Transamerica,1000000.0,13350369.0,546.0,108255.0
Rumor Has It...,70000000.0,88933562.0,2800.0,104740.0
Hostel,4800000.0,80578934.0,1690.0,118583.0
Underworld: Evolution,50000000.0,111340801.0,834.0,117332.0
Bandidas,35000000.0,10496317.0,1969.0,89686.0
Dave Chappelle's Block Party,3000000.0,11718595.0,292.0,114069.0
Running Scared,17000000.0,9500000.0,7304.0,74121.0
16 Blocks,55000000.0,65664721.0,2207.0,31505.0
Failure to Launch,50000000.0,128406887.0,6877.0,339071.0
Ice Age: The Meltdown,80000000.0,660940780.0,950.0,25878.0
V for Vendetta,54000000.0,132511035.0,752.0,105737.0
Inside Man,45000000.0,184376254.0,388.0,112570.0
Tsotsi,3000000.0,9879971.0,868.0,101692.0
Lights in the Dusk,1380000.0,1615018.0,1379.0,100994.0
The Lives of Others,2000000.0,70000000.0,582.0,107642.0
Lucky Number Slevin,27000000.0,56308881.0,186.0,113986.0
Volver,12899867.0,85582407.0,219.0,112757.0
Basic Instinct 2,70000000.0,38629478.0,3093.0,67411.0
Friends with Money,6500000.0,13368437.0,8998.0,72272.0
Scary Movie 4,45000000.0,178262620.0,4257.0,249538.0
Hard Candy,950000.0,7022209.0,2652.0,50280.0
The Sentinel,60000000.0,77920346.0,5820.0,314725.0
Silent Hill,50000000.0,97607453.0,588.0,103639.0
The Protector,6000000.0,27165581.0,8982.0,327919.0
Mission: Impossible III,150000000.0,397850012.0,956.0,34012.0
Poseidon,160000000.0,181674817.0,503.0,110649.0
The Da Vinci Code,125000000.0,767820459.0,591.0,114706.0
Cars,120000000.0,461983149.0,920.0,31381.0
The Omen,25000000.0,119188334.0,806.0,115530.0
The Lake House,40000000.0,114830111.0,2044.0,82263.0
The Devil Wears Prada,35000000.0,326551094.0,350.0,109446.0
Pirates of the Caribbean: Dead Man's Chest,200000000.0,1065659812.0,58.0,110877.0
"You, Me and Dupree",54000000.0,130431368.0,1819.0,120219.0
Clerks II,5000000.0,26888376.0,2295.0,120823.0
Marie Antoinette,40000000.0,60474340.0,1887.0,119053.0
An Inconvenient Truth,1000000.0,46243000.0,1781.0,116379.0
Little Miss Sunshine,8000000.0,100523181.0,773.0,70820.0
Curse of the Pink Panther,11000000.0,4491986.0,36576.0,25580.0
Babel,25000000.0,135330182.0,1164.0,60304.0
Prophecy,12000000.0,54000000.0,31915.0,37614.0
Snakes on a Plane,33000000.0,62022014.0,326.0,110081.0
Scoop,4000000.0,31584901.0,512.0,111003.0
Night at the Museum,110000000.0,574480841.0,1593.0,119896.0
World Trade Center,63000000.0,162945894.0,1852.0,118727.0
Stranger Than Fiction,30000000.0,53653224.0,1262.0,57115.0
Miami Vice,135000000.0,163794509.0,82.0,112379.0
Mrs Palfrey at The Claremont,750000.0,1720953.0,47880.0,177347.0
Crank,12000000.0,42931041.0,1948.0,57590.0
Chaos,20000000.0,10289.0,5289.0,39204.0
The Queen,15000000.0,123384128.0,1165.0,115715.0
The Wind That Shakes the Barley,6500000.0,22889018.0,1116.0,113057.0
The Fountain,35000000.0,15304890.0,1381.0,84021.0
The Science of Sleep,6000000.0,9524340.0,300.0,110932.0
Vixen!,76000.0,6000000.0,5721.0,82175.0
Apocalypto,40000000.0,120175290.0,1579.0,116334.0
All the King's Men,55000000.0,9450897.0,1717.0,120082.0
Borat: Cultural Learnings of America for Make Benefit Glorious Nation of Kazakhstan,18000000.0,261572744.0,496.0,111689.0
Pan's Labyrinth,19000000.0,83258226.0,1417.0,117364.0
The Guardian,70000000.0,55011732.0,4643.0,133152.0
Open Season,85000000.0,197309027.0,7484.0,65780.0
The Departed,90000000.0,289847354.0,1422.0,119731.0
The Grudge 2,20000000.0,39143839.0,1975.0,82418.0
The Marine,20000000.0,22165608.0,8975.0,299863.0
Little Children,26000000.0,14821658.0,1440.0,106266.0
The Last King of Scotland,6000000.0,48027970.0,1523.0,120383.0
Shortbus,2000000.0,5179037.0,1378.0,96487.0
The Prestige,40000000.0,109676311.0,1124.0,82846.0
Flags of Our Fathers,90000000.0,65900249.0,3683.0,86979.0
Saw III,10000000.0,163876815.0,214.0,110882.0
Perfume: The Story of a Murderer,50000000.0,132180323.0,1427.0,120390.0
The Holiday,85000000.0,194168700.0,1581.0,119848.0
Snow Cake,12000000.0,1381665.0,313.0,111333.0
Tenacious D in The Pick of Destiny,22000000.0,13405595.0,2179.0,65112.0
Blood Diamond,100000000.0,170877916.0,1372.0,102975.0
Eragon,100000000.0,249288105.0,2486.0,138279.0
Rocky Balboa,24000000.0,155721132.0,1246.0,97165.0
The Good Shepherd,85000000.0,59908565.0,1247.0,61722.0
Dreamgirls,70000000.0,154937680.0,1125.0,72081.0
Freedom Writers,21000000.0,41170784.0,1646.0,120029.0
The History Boys,4000000.0,13401952.0,8618.0,47136.0
Notes on a Scandal,15000000.0,49469904.0,1259.0,92005.0
The Good German,32000000.0,5914908.0,182.0,113851.0
Letters from Iwo Jima,19000000.0,68673228.0,1251.0,56801.0
Happily N'Ever After,47000000.0,38085778.0,5393.0,51496.0
Stomp the Yard,13000000.0,75511123.0,1931.0,26752.0
The Hitcher,10000000.0,25399945.0,8398.0,63642.0
Bridge to Terabithia,60000000.0,137587063.0,1265.0,107048.0
Killer of Sheep,100000.0,362222.0,27432.0,273108.0
Hannibal Rising,50000000.0,82169884.0,1248.0,52311.0
Ratatouille,150000000.0,623722818.0,2062.0,120687.0
"Paris, je t'aime",13000000.0,4857367.0,2266.0,101523.0
The Astronaut Farmer,13000000.0,11130889.0,5172.0,290212.0
Myra Breckinridge,5000000.0,3000000.0,40973.0,78492.0
Days of Glory,14500000.0,22963701.0,2016.0,78790.0
Ghost Rider,110000000.0,228738393.0,1250.0,50212.0
The Number 23,30000000.0,77566815.0,3594.0,210616.0
Hot Fuzz,12000000.0,80573774.0,4638.0,163025.0
Next,70000000.0,76066841.0,1738.0,120881.0
Zodiac,65000000.0,84785914.0,1949.0,60665.0
300,65000000.0,422610419.0,1271.0,101921.0
The Host,11000000.0,88489643.0,1255.0,92610.0
Becoming Jane,16500000.0,37311672.0,2977.0,142201.0
Reign Over Me,20000000.0,22222308.0,2355.0,120623.0
Shooter,61000000.0,95696996.0,7485.0,53134.0
TMNT,34000000.0,95608995.0,1273.0,90967.0
The Lookout,16000000.0,5367030.0,8270.0,100112.0
The Reaping,40000000.0,62771059.0,1683.0,120520.0
Meet the Robinsons,150000000.0,169332978.0,1267.0,56218.0
Sunshine,50000000.0,32017803.0,1272.0,66206.0
Perfect Stranger,60795000.0,73090611.0,7183.0,66449.0
Pathfinder,45000000.0,30822861.0,1534.0,58985.0
The Contract,25000000.0,5549200.0,1441.0,106387.0
Mr. Bean's Holiday,25000000.0,229736344.0,1268.0,100436.0
Spider-Man 3,258000000.0,890871626.0,559.0,107779.0
Day Watch,4200000.0,38862717.0,2269.0,107211.0
Knocked Up,30000000.0,219076518.0,4964.0,233841.0
Hairspray,50000000.0,90450008.0,2976.0,163988.0
28 Weeks Later,15000000.0,64238440.0,1562.0,118688.0
Shrek the Third,160000000.0,798958165.0,810.0,116756.0
Once,160000.0,20710513.0,5723.0,82200.0
Pirates of the Caribbean: At World's End,300000000.0,961000000.0,285.0,106402.0
Mr. Brooks,20000000.0,41637263.0,3432.0,89003.0
88 Minutes,30000000.0,16930884.0,3489.0,102057.0
Ocean's Thirteen,85000000.0,311312624.0,298.0,105652.0
Fantastic 4: Rise of the Silver Surfer,130000000.0,289047763.0,1979.0,91080.0
Death Proof,25000000.0,25037897.0,1991.0,94862.0
Swoon,250000.0,340147.0,54934.0,784972.0
Sicko,9000000.0,24538513.0,2359.0,166396.0
Popular Music,2224000.0,28000000.0,442.0,106697.0
A Mighty Heart,16000000.0,18928871.0,1988.0,93176.0
1408,25000000.0,94679598.0,3021.0,82427.0
Live Free or Die Hard,110000000.0,383531464.0,1571.0,115856.0
License to Wed,35000000.0,69307224.0,2959.0,137523.0
Evan Almighty,175000000.0,173000000.0,2698.0,120554.0
Transformers,150000000.0,709709780.0,1858.0,117786.0
Harry Potter and the Order of the Phoenix,150000000.0,938212738.0,675.0,110061.0
I Now Pronounce You Chuck & Larry,85000000.0,186072214.0,3563.0,132910.0
Stardust,70000000.0,135560026.0,2270.0,109390.0
The Simpsons Movie,75000000.0,527068851.0,35.0,112637.0
I Know Who Killed Me,12000000.0,9620399.0,5857.0,83099.0
No Reservations,28000000.0,92601050.0,3638.0,79574.0
The Bourne Ultimatum,70000000.0,442824138.0,2503.0,156901.0
You Kill Me,4000000.0,2426851.0,8141.0,56504.0
Superbad,20000000.0,121463226.0,8363.0,367085.0
Rush Hour 3,140000000.0,258022233.0,5174.0,99566.0
The Kingdom,70000000.0,86658558.0,4349.0,65528.0
The Invasion,80000000.0,15071514.0,4858.0,84043.0
Halloween,15000000.0,80253908.0,2082.0,104868.0
3:10 to Yuma,55000000.0,70016220.0,5176.0,160498.0
Shoot 'Em Up,39000000.0,26820641.0,4141.0,192111.0
Atonement,30000000.0,129266061.0,4347.0,234288.0
"4 Months, 3 Weeks and 2 Days",852510.0,1185783.0,2009.0,70723.0
The Brave One,70000000.0,69766619.0,4413.0,59878.0
In the Valley of Elah,23000000.0,29541790.0,6973.0,104265.0
Rang De Basanti,2200000.0,11502151.0,7913.0,57078.0
December Boys,4000000.0,46474.0,4629.0,97967.0
Eastern Promises,51500000.0,55112356.0,2252.0,104412.0
Into the Wild,15000000.0,56255142.0,5915.0,83284.0
Dan in Real Life,25000000.0,68377859.0,7211.0,43915.0
The Darjeeling Limited,16000000.0,24377151.0,4538.0,96029.0
We Own the Night,21000000.0,54926886.0,2001.0,97733.0
Elizabeth: The Golden Age,55000000.0,74237563.0,4517.0,95484.0
Michael Clayton,25000000.0,92991835.0,4566.0,92548.0
Lars and the Real Girl,12000000.0,11293663.0,6615.0,329101.0
30 Days of Night,30000000.0,75505973.0,4513.0,95333.0
Rendition,27500000.0,24748670.0,5125.0,81698.0
Things We Lost in the Fire,16000000.0,2849142.0,3877.0,88206.0
Gone Baby Gone,19000000.0,34619699.0,4771.0,180734.0
The Assassination of Jesse James by the Coward Robert Ford,30000000.0,14711793.0,4512.0,95326.0
The Edge of Heaven,3800000.0,17804565.0,2014.0,76054.0
Saw IV,10000000.0,139352633.0,663.0,116768.0
American Gangster,100000000.0,266465037.0,4982.0,52320.0
Bee Movie,150000000.0,287594577.0,5559.0,270480.0
The Diving Bell and the Butterfly,14000000.0,19777647.0,2013.0,69113.0
No Country for Old Men,25000000.0,171600000.0,6977.0,102526.0
August Rush,25000000.0,66122026.0,5123.0,70819.0
Lions for Lambs,35000000.0,63215872.0,4515.0,95360.0
Fred Claus,100000000.0,97838349.0,5375.0,38589.0
Beowulf,70000000.0,195735876.0,2310.0,119670.0
Love in the Time of Cholera,45000000.0,4607608.0,6639.0,62467.0
Southland Tales,17000000.0,374743.0,4723.0,250323.0
The Mist,18000000.0,57096190.0,5876.0,258068.0
Enchanted,85000000.0,340487652.0,4523.0,95638.0
Hitman,24000000.0,99965753.0,1620.0,119468.0
The Golden Compass,180000000.0,372234864.0,2268.0,104257.0
I Am Legend,150000000.0,585349010.0,6479.0,100670.0
Alvin and the Chipmunks,60000000.0,361366633.0,6477.0,36377.0
I'm Not There.,20000000.0,4001121.0,3902.0,210717.0
Juno,7500000.0,231411584.0,7326.0,258816.0
My Blueberry Nights,10000000.0,21786738.0,1989.0,98136.0
The Bucket List,45000000.0,175372502.0,7350.0,371683.0
The Kite Runner,20000000.0,73276047.0,7979.0,64689.0
National Treasure: Book of Secrets,130000000.0,457363168.0,6637.0,92085.0
There Will Be Blood,25000000.0,77208711.0,7345.0,358349.0
Charlie Wilson's War,75000000.0,119000410.0,6538.0,324133.0
Aliens vs Predator: Requiem,40000000.0,41797066.0,440.0,106673.0
Walk Hard: The Dewey Cox Story,35000000.0,18317151.0,6575.0,74564.0
The Water Horse,40000000.0,103071443.0,54318.0,54286.0
P.S. I Love You,30000000.0,156835339.0,6023.0,57869.0
27 Dresses,30000000.0,160259319.0,6557.0,113533.0
[REC],1500000.0,30448000.0,8329.0,43041.0
Cloverfield,25000000.0,170764026.0,7191.0,103827.0
Meet the Spartans,30000000.0,84646831.0,7278.0,166158.0
Fool's Gold,70000000.0,111231041.0,8676.0,113074.0
Vantage Point,40000000.0,151161491.0,7461.0,329111.0
"Run, Fatboy, Run",10000000.0,33000000.0,7942.0,46345.0
"10,000 BC",105000000.0,266000000.0,7840.0,31398.0
The Bank Job,20000000.0,64822796.0,8848.0,46521.0
Funny Games,15000000.0,7938872.0,8461.0,36777.0
Hallam Foe,8000000.0,60641.0,2239.0,73817.0
What Just Happened,25000000.0,6673422.0,8944.0,329030.0
The Dark Knight,185000000.0,1004558444.0,155.0,112495.0
Never Back Down,20000000.0,41627431.0,8456.0,65889.0
Leatherheads,58000000.0,41299492.0,4942.0,52564.0
Stop-Loss,25000000.0,11207130.0,8988.0,53716.0
Julia,6000000.0,1300000.0,7351.0,303348.0
Street Kings,20000000.0,65569869.0,1266.0,105695.0
Speed Racer,120000000.0,93945766.0,7459.0,293007.0
The Forbidden Kingdom,55000000.0,127906624.0,1729.0,119396.0
Baby Mama,30000000.0,63833449.0,8780.0,64045.0
Iron Man,140000000.0,585174222.0,1726.0,119925.0
Taken,25000000.0,226830568.0,8681.0,71737.0
The Chronicles of Narnia: Prince Caspian,225000000.0,419651413.0,2454.0,51622.0
Indiana Jones and the Kingdom of the Crystal Skull,185000000.0,786636033.0,217.0,112438.0
Sex and the City,65000000.0,415252786.0,4564.0,96794.0
The Happening,60000000.0,163403799.0,8645.0,390221.0
The Incredible Hulk,150000000.0,163712074.0,1724.0,118230.0
Wanted,75000000.0,258270008.0,8909.0,363475.0
Hancock,150000000.0,624029371.0,8960.0,430745.0
West of Zanzibar,259000.0,921000.0,27506.0,289229.0
Welcome to the Sticks,11000000.0,53191886.0,8265.0,68615.0
Transsiberian,15000000.0,5926410.0,6687.0,270980.0
The X Files: I Want to Believe,30000000.0,68369434.0,8836.0,324554.0
The Mummy: Tomb of the Dragon Emperor,145000000.0,401128639.0,1735.0,119223.0
Vicky Cristina Barcelona,15000000.0,96408652.0,5038.0,83951.0
Tropic Thunder,92000000.0,188072649.0,7446.0,398872.0
Waltz with Bashir,2000000.0,11125849.0,8885.0,76683.0
Burn After Reading,37000000.0,163720069.0,4944.0,75989.0
"The Tulse Luper Suitcases, Part 1: The Moab Story",10000000.0,25800.0,3097.0,33045.0
Blindness,25000000.0,19844979.0,8338.0,39192.0
Changeling,55000000.0,113020255.0,3580.0,153464.0
Australia,130000000.0,49554002.0,6972.0,118125.0
Twilight,37000000.0,392616625.0,8966.0,362269.0
The Reader,32000000.0,113019290.0,8055.0,122143.0
The Curious Case of Benjamin Button,150000000.0,333932083.0,4922.0,42539.0
Valkyrie,75000000.0,200276000.0,2253.0,105629.0
Revolutionary Road,35000000.0,75225693.0,4148.0,212985.0
Inkheart,60000000.0,57490374.0,2309.0,141824.0
The Grudge 3,5000000.0,38610009.0,1977.0,87298.0
The International,50000000.0,60161391.0,4959.0,242252.0
My Name Is Bruce,1500000.0,173066.0,1961.0,95953.0
Il Divo,7275000.0,11260366.0,8832.0,374330.0
X-Men Origins: Wolverine,150000000.0,373062864.0,2080.0,48280.0
Terminator Salvation,200000000.0,371353001.0,534.0,108101.0
Transformers: Revenge of the Fallen,150000000.0,836297228.0,8373.0,327162.0
Harry Potter and the Half-Blood Prince,250000000.0,933959197.0,767.0,113211.0
Sorority Row,12500000.0,27206120.0,26688.0,99739.0
Amelia,40000000.0,19258519.0,8915.0,368658.0
The Pebble and the Penguin,28000000.0,3983912.0,54648.0,293564.0
Precious,10000000.0,47536959.0,25793.0,23649.0
"Police, Adjective",1089360.0,48298.0,32511.0,64451.0
Brothers,26000000.0,43318349.0,7445.0,328107.0
The Lovely Bones,65000000.0,93525586.0,7980.0,75784.0
Armored,20000000.0,22942221.0,4597.0,97438.0
Invaders from Mars,12000000.0,4884663.0,31909.0,104139.0
Trapeze,4000000.0,14400000.0,40494.0,103337.0
Asterix at the Olympic Games,97250400.0,132900000.0,2395.0,128445.0
I Love You Phillip Morris,13000000.0,10652035.0,8952.0,365183.0
Percy Jackson & the Olympians: The Lightning Thief,95000000.0,226497209.0,32657.0,93488.0
My Name Is Khan,12000000.0,42345360.0,26022.0,50681.0
From Paris with Love,52000000.0,52826594.0,26389.0,76336.0
She's Out of My League,20000000.0,49779728.0,34016.0,72637.0
Harry Brown,7300000.0,10329747.0,25941.0,40536.0
The Bounty Hunter,40000000.0,136000000.0,27573.0,306097.0
Repo Men,32000000.0,18409891.0,31867.0,331933.0
Razorback,5500000.0,801000.0,26178.0,62407.0
Ca$h,7000000.0,46488.0,27004.0,120695.0
Four Lions,967686.0,4270000.0,37495.0,430651.0
Buried,1987650.0,19152480.0,26388.0,76161.0
Inception,160000000.0,825532764.0,27205.0,189630.0
The Sorcerer's Apprentice,150000000.0,215283742.0,27022.0,124901.0
Salt,110000000.0,293329073.0,27576.0,306432.0
Mr. Nobody,47000000.0,3547209.0,31011.0,107233.0
It's Kind of a Funny Story,8000000.0,6491240.0,43923.0,455612.0
Let Me In,20000000.0,24145613.0,41402.0,58301.0
Dirty Girl,4000000.0,55125.0,70695.0,1045655.0
127 Hours,18000000.0,35692920.0,44115.0,475723.0
Hatchet II,2500000.0,52604.0,43919.0,466342.0
"Tomorrow, When the War Began",27000000.0,16504936.0,43930.0,397078.0
Vanishing on 7th Street,10000000.0,1068682.0,43552.0,77276.0
At Long Last Love,6000000.0,1500000.0,4704.0,56059.0
The Eagle,25000000.0,27122040.0,49494.0,74776.0
Battle: Los Angeles,70000000.0,202466756.0,44943.0,312318.0
Black Lightning,15000000.0,21500000.0,31162.0,352520.0
The Princess of Montpensier,14734000.0,6775121.0,57695.0,106579.0
Bridesmaids,32500000.0,288383523.0,55721.0,861739.0
Pirates of the Caribbean: On Stranger Tides,380000000.0,1045713802.0,1865.0,141986.0
The Tree of Life,32000000.0,54674226.0,8967.0,387575.0
Pina,4317946.0,14624826.0,57276.0,259822.0
Everything Must Go,5000000.0,2614773.0,45658.0,410400.0
Larry Crowne,30000000.0,36160375.0,59861.0,26008.0
Horrible Bosses,35000000.0,117000000.0,51540.0,443706.0
Cars 2,200000000.0,559852396.0,49013.0,452681.0
Captain America: The First Avenger,140000000.0,370569774.0,1771.0,119784.0
30 Minutes or Less,28000000.0,40547440.0,62206.0,127310.0
Glee: The Concert Movie,9000000.0,18663238.0,67675.0,27040.0
The Conspirator,25000000.0,15478800.0,60309.0,37508.0
A Dangerous Method,15000000.0,27462041.0,48231.0,410730.0
Warrior,25000000.0,23057115.0,59440.0,482463.0
Enthiran,26400000.0,62000000.0,148284.0,208993.0
In Time,40000000.0,173930596.0,49530.0,450259.0
Carnage,25000000.0,27603069.0,72113.0,1130088.0
Paranormal Activity 3,5000000.0,205703818.0,72571.0,68498.0
The Double,17000000.0,3696232.0,73499.0,110419.0
Shaolin,29000000.0,33662874.0,55292.0,790804.0
The Twilight Saga: Breaking Dawn - Part 1,110000000.0,712171856.0,50619.0,21331.0
The Expendables 2,100000000.0,312573423.0,76163.0,49043.0
Contraband,25000000.0,63100000.0,77866.0,955308.0
The Iron Lady,13000000.0,114956699.0,71688.0,1093370.0
The Flowers of War,94000000.0,95311434.0,76758.0,4707.0
Big Miracle,40000000.0,24719215.0,78698.0,243415.0
Chapiteau-Show,2000000.0,393816.0,88491.0,33803.0
Silent House,2000000.0,13101672.0,92182.0,465666.0
Mirror Mirror,85000000.0,183018522.0,62764.0,72709.0
Dark Shadows,150000000.0,245527149.0,62213.0,376873.0
Snow White and the Huntsman,170000000.0,396600000.0,58595.0,914382.0
Moonrise Kingdom,16000000.0,68263166.0,83666.0,447641.0
5 Days of War,20000000.0,17479.0,50601.0,398808.0
Madagascar 3: Europe's Most Wanted,145000000.0,746921274.0,80321.0,1137999.0
Seeking a Friend for the End of the World,10000000.0,9636289.0,88005.0,104693.0
The Amazing Spider-Man,215000000.0,752215857.0,1930.0,23876.0
Savages,45000000.0,82966152.0,82525.0,1013854.0
War of the Arrows,8000000.0,49000000.0,79224.0,1155076.0
Premium Rush,35000000.0,31083599.0,49526.0,480271.0
Lawless,26000000.0,53676580.0,82633.0,122136.0
Piranha 3DD,5000000.0,8493728.0,71668.0,1078940.0
The Possession,14000000.0,85446075.0,77883.0,1428457.0
Robot & Frank,2500000.0,3325038.0,84329.0,247254.0
Arbitrage,12000000.0,35485056.0,60599.0,462295.0
The Hunt,3800000.0,16800000.0,103663.0,60291.0
Behind the Burly Q,250000.0,23859.0,91911.0,1711484.0
The Paperboy,12500000.0,1353868.0,82390.0,9878.0
The Sessions,1000000.0,9138338.0,113947.0,19067.0
Amour,8900000.0,29844753.0,86837.0,1681687.0
Fire with Fire,20000000.0,4636169.0,139567.0,1451632.0
This Is 40,35000000.0,88058786.0,89492.0,1210166.0
Parental Guidance,25000000.0,119772232.0,88042.0,37615.0
Gangster Squad,60000000.0,105200903.0,82682.0,59447.0
Mama,15000000.0,146497771.0,132232.0,47479.0
The East,6500000.0,2401510.0,87499.0,1391137.0
Universal Soldier: Day of Reckoning,11500000.0,1402307.0,122857.0,72786.0
Before Midnight,3000000.0,11176469.0,132344.0,297169.0
Snitch,35000000.0,42930462.0,134411.0,93645.0
G.I. Joe: Retaliation,130000000.0,371876278.0,72559.0,76297.0
The Call,13000000.0,68572378.0,158011.0,450061.0
Admission,13000000.0,18000000.0,144340.0,1814665.0
Hey Ram,3900000.0,4900000.0,60579.0,453383.0
Scary Movie 5,20000000.0,78378744.0,4258.0,251191.0
Pain & Gain,25000000.0,86175291.0,134374.0,823671.0
Late Autumn,6200000.0,4820000.0,91073.0,23225.0
Mud,10000000.0,21587700.0,103731.0,1085362.0
The Past,11000000.0,10631747.0,152780.0,65877.0
Behind the Candelabra,23000000.0,15600000.0,119675.0,170223.0
Aftershock,2000000.0,58510.0,123103.0,249326.0
Redd Inc.,500000.0,1000000.0,133463.0,65104.0
The Purge,3000000.0,89328627.0,158015.0,1028561.0
R.I.P.D.,130000000.0,61648500.0,49524.0,762121.0
Lost in Thailand,2200000.0,208000000.0,151743.0,5037902.0
Blue Jasmine,18000000.0,99206215.0,160588.0,3332308.0
The Smurfs 2,105000000.0,347434178.0,77931.0,1355599.0
Grown Ups 2,80000000.0,246984278.0,109418.0,76674.0
Paranoia,35000000.0,13785015.0,115348.0,1717724.0
The Mortal Instruments: City of Bones,60000000.0,90565421.0,123553.0,2379386.0
Runner Runner,30000000.0,62616646.0,146238.0,115484.0
Machete Kills,12000000.0,15008161.0,106747.0,1839522.0
Filth,5000000.0,9114264.0,85889.0,36386.0
Stitches,100000.0,95000.0,115210.0,2713180.0
Escape Plan,50000000.0,122915111.0,107846.0,110420.0
All Is Lost,9000000.0,6108720.0,152747.0,1700810.0
The Hunger Games: Catching Fire,130000000.0,847423452.0,101299.0,1849759.0
Inside Llewyn Davis,11000000.0,32935319.0,86829.0,292081.0
The Wolf of Wall Street,100000000.0,392000694.0,106646.0,1386683.0
August: Osage County,25000000.0,74188937.0,152737.0,101927.0
American Hustle,40000000.0,251171807.0,168672.0,353161.0
Her,23000000.0,47351251.0,152601.0,1905010.0
Oldboy,30000000.0,4861022.0,87516.0,34242.0
Snowpiercer,39200000.0,86758912.0,110415.0,389817.0
Underdogs,22000000.0,24000000.0,153158.0,108338.0
Ride Along,25000000.0,153997819.0,168530.0,5271772.0
Divergent,85000000.0,288747895.0,157350.0,3249414.0
Labor Day,18000000.0,20275812.0,130150.0,99751.0
The Young and Prodigious T.S. Spivet,33000000.0,9494789.0,157841.0,286648.0
Sabotage,35000000.0,17508518.0,144336.0,2354141.0
Joe,4000000.0,2365467.0,157847.0,4630444.0
Interstellar,165000000.0,675120017.0,157336.0,3040224.0
Mr. Peabody & Sherman,145000000.0,272912430.0,82703.0,1692504.0
13 Sins,5000000.0,13809.0,155084.0,794338.0
Muppets Most Wanted,50000000.0,80383290.0,145220.0,1468703.0
The Immigrant,16000000.0,5867686.0,152599.0,381716.0
X-Men: Days of Future Past,250000000.0,747862775.0,127585.0,2165765.0
Godzilla,160000000.0,529076069.0,124905.0,43595.0
Minuscule: Valley of the Lost Ants,19700000.0,30000000.0,140870.0,815447.0
17 Girls,4141459.0,201607.0,87368.0,76374.0
Dawn of the Planet of the Apes,170000000.0,710644566.0,119450.0,216750.0
No One Lives,2900000.0,74918.0,123109.0,130172.0
Guardians of the Galaxy,170000000.0,773328629.0,118340.0,343827.0
A Most Wanted Man,15000000.0,31554855.0,157849.0,5243424.0
The Rover,12250000.0,2295423.0,157845.0,4188654.0
Teenage Mutant Ninja Turtles,125000000.0,477200000.0,98566.0,1144579.0
Sin City: A Dame to Kill For,65000000.0,39407616.0,189.0,114241.0
The Drop,12600000.0,19054534.0,154400.0,176048.0
The Boxtrolls,60000000.0,108255770.0,170687.0,358551.0
Felix The Cat: The Movie,9000000.0,1964253.0,36523.0,462333.0
Walking With Dinosaurs,80000000.0,126546518.0,77951.0,250264.0
Remington and the Curse of the Zombadings,22361.0,721651.0,96239.0,1727252.0
Exodus: Gods and Kings,140000000.0,268031828.0,147441.0,4126312.0
Dumb and Dumber To,40000000.0,169837010.0,100042.0,50470.0
Ragnarok,6500000.0,3721345.0,140818.0,1294699.0
20th Century Boys - Chapter 1: Beginning of the End,20000000.0,31244858.0,36683.0,103243.0
Khumba,20000000.0,27187375.0,172391.0,5390066.0
Foodfight!,65000000.0,73706.0,116977.0,2096672.0
Avengers: Age of Ultron,280000000.0,1405403694.0,99861.0,905345.0
Ant-Man,130000000.0,519311965.0,102899.0,72867.0
The Loft,14000000.0,10076790.0,72784.0,91415.0
Lost River,2000000.0,45431.0,167810.0,75764.0
Battletruck,1000000.0,3000000.0,27873.0,387412.0
Bolero,7000000.0,8914881.0,5896.0,213121.0
Tomorrowland,190000000.0,209154322.0,158852.0,1857772.0
A Company Man,3500000.0,7339398.0,134126.0,2497980.0
Jimmy P.,10000000.0,30283.0,160768.0,89122.0
Mere Brother Ki Dulhan,5510000.0,18050000.0,74458.0,1130884.0
Inside Out,175000000.0,857611174.0,150540.0,3854104.0
The Hunger Games: Mockingjay - Part 2,160000000.0,653428261.0,131634.0,99212.0
White Tiger,11000000.0,7200000.0,111237.0,1979385.0
Josh,6900000.0,15000000.0,131940.0,103854.0
La peggior settimana della mia vita,11000000.0,12935800.0,77944.0,1333631.0
A Whole Life Ahead,5940000.0,4250000.0,51917.0,465670.0
The Vatican Tapes,13000000.0,1784763.0,157544.0,127692.0
The Angrez,50000.0,300000.0,115873.0,46161.0
Captive,11180.0,24591.0,98203.0,1673434.0
Would I Lie to You? 2,12560000.0,42700000.0,31359.0,416991.0
Dreaming of Space,2000000.0,696681.0,65614.0,50549.0
Alaipayuthey,2000000.0,6000000.0,49035.0,47969.0
Confessions of a Dangerous Mind,30000000.0,33013805.0,4912.0,62994.0
Rita's Last Fairy Tale,200000.0,486937.0,141520.0,1694019.0
Paranormal Activity: The Ghost Dimension,10000000.0,78096553.0,146301.0,1424746.0
Louder Than Bombs,11000000.0,161789.0,157827.0,270758.0
Recep İvedik,500000.0,5330000.0,31060.0,100606.0
Jane Got a Gun,25000000.0,1397284.0,174751.0,5490310.0
Triple 9,20000000.0,12639297.0,146198.0,3809308.0
The Touch,6900000.0,6530000.0,105254.0,2332579.0
Roar,17000000.0,2000000.0,2989.0,82398.0
The Angry Birds Movie,73000000.0,349779543.0,153518.0,2609998.0
Lights of New York,75000.0,1200000.0,173689.0,218673.0
Grandmaster,120000.0,130000.0,105506.0,256749.0
Local Color,3250000.0,32788.0,2324.0,118799.0
Wabash Avenue,2115000.0,2039000.0,110669.0,2246565.0
The Work and the Glory,7500000.0,3347647.0,36046.0,363768.0
Voracious,11178.0,34659.0,121173.0,2275861.0
Resident Evil: The Final Chapter,40000000.0,312242626.0,173897.0,6690310.0
Ayurveda: Art of Being,300000.0,2074000.0,73981.0,33873.0
Shadowboxing,3500000.0,8262833.0,56372.0,51093.0
The Irony of Fate. The Sequel,5000000.0,55635037.0,27046.0,133985.0
Waltzing Anna,1000000.0,11455.0,55740.0,108593.0
The Spy,6000000.0,4588176.0,102197.0,1825842.0
Hitler's Kaput!,3000000.0,9713500.0,52891.0,472268.0
Fanaa,5300000.0,22175908.0,8453.0,139388.0
"Mommies, Happy New Year!",2000000.0,11666088.0,159447.0,3174376.0
Pregnant,2000000.0,8000000.0,75438.0,959329.0
FC Venus,2196531.0,2411594.0,26147.0,59798.0
